-- phpMyAdmin SQL Dump
-- version 4.9.2
-- https://www.phpmyadmin.net/
--
-- Máy chủ: 127.0.0.1
-- Thời gian đã tạo: Th7 24, 2020 lúc 04:39 AM
-- Phiên bản máy phục vụ: 10.4.11-MariaDB
-- Phiên bản PHP: 7.2.26

SET SQL_MODE = "NO_AUTO_VALUE_ON_ZERO";
SET AUTOCOMMIT = 0;
START TRANSACTION;
SET time_zone = "+00:00";


/*!40101 SET @OLD_CHARACTER_SET_CLIENT=@@CHARACTER_SET_CLIENT */;
/*!40101 SET @OLD_CHARACTER_SET_RESULTS=@@CHARACTER_SET_RESULTS */;
/*!40101 SET @OLD_COLLATION_CONNECTION=@@COLLATION_CONNECTION */;
/*!40101 SET NAMES utf8mb4 */;

--
-- Cơ sở dữ liệu: `vitduct`
--

-- --------------------------------------------------------

--
-- Cấu trúc bảng cho bảng `categories`
--

CREATE TABLE `categories` (
  `id` int(10) UNSIGNED NOT NULL,
  `name` varchar(200) COLLATE utf8_unicode_ci NOT NULL,
  `parent` int(10) UNSIGNED NOT NULL,
  `count` int(10) UNSIGNED NOT NULL DEFAULT 0,
  `userID` int(10) UNSIGNED NOT NULL,
  `created_at` timestamp NOT NULL DEFAULT '0000-00-00 00:00:00',
  `updated_at` timestamp NOT NULL DEFAULT '0000-00-00 00:00:00'
) ENGINE=InnoDB DEFAULT CHARSET=utf8 COLLATE=utf8_unicode_ci;

--
-- Đang đổ dữ liệu cho bảng `categories`
--

INSERT INTO `categories` (`id`, `name`, `parent`, `count`, `userID`, `created_at`, `updated_at`) VALUES
(1, 'Sản phẩm', 0, 0, 1, '2015-12-24 18:42:37', '2015-12-24 18:42:37'),
(2, 'Dự án', 0, 0, 1, '2015-12-24 18:42:42', '2015-12-24 18:42:42'),
(3, 'Tin tức', 0, 0, 1, '2015-12-24 18:42:50', '2015-12-24 18:42:50'),
(4, 'Ống gió', 1, 1, 3, '2015-12-24 18:57:10', '2016-04-09 21:49:04'),
(5, 'Cửa gió', 1, 1, 1, '2015-12-24 18:57:16', '2016-04-01 07:54:29'),
(7, 'Van gió', 1, 1, 1, '2015-12-24 18:57:40', '2016-04-01 07:54:37'),
(9, 'Tiêu âm và vật liệu tiêu âm', 1, 1, 1, '2015-12-24 18:58:09', '2016-04-01 07:54:45'),
(10, 'Dự án tiêu biểu', 2, 4, 1, '2016-04-01 07:55:15', '2016-04-06 04:19:05'),
(11, 'Download tài liệu', 0, 2, 1, '2016-04-01 07:55:37', '2016-04-01 07:55:37'),
(12, 'Catalogue sản phẩm', 11, 2, 3, '2016-04-01 07:56:04', '2016-04-13 22:01:26'),
(13, 'Tin công nghệ', 3, 5, 3, '2016-04-01 07:56:30', '2016-04-09 16:54:01'),
(14, 'Nhà thầu cơ điện', 0, 1, 1, '2016-04-01 07:57:01', '2016-04-01 07:57:01'),
(15, 'Cung cấp và thi công hệ thống điều hòa không khí và  thông gió', 14, 7, 3, '2016-04-01 07:58:26', '2016-04-13 22:02:46'),
(16, 'About us', 0, 3, 1, '2016-04-06 04:20:01', '2016-04-06 04:20:01'),
(17, 'Giới thiệu về công ty', 16, 3, 3, '2016-04-06 04:20:13', '2016-04-09 19:47:40'),
(19, 'Hình ảnh về cơ sở sản xuất', 2, 6, 3, '2016-04-09 16:57:20', '2016-04-09 16:57:20'),
(20, 'Lò xo chống rung và giảm chấn', 1, 1, 3, '2016-04-11 15:45:02', '2016-04-11 15:45:02'),
(21, 'Hình ảnh thi công các dự án', 2, 6, 1, '2016-04-13 00:08:06', '2016-04-13 00:08:06'),
(22, 'Bảng giá sản phẩm', 11, 2, 1, '2016-04-13 21:59:29', '2016-04-13 22:54:11'),
(23, 'Hồ sơ năng lực và giới thiệu về VIT', 11, 2, 1, '2016-04-20 22:27:51', '2016-12-06 14:39:57'),
(24, 'Chính sách bảo hành đổi trả', 0, 0, 1, '0000-00-00 00:00:00', '0000-00-00 00:00:00'),
(25, 'Chính sách bảo hành sản phẩm', 0, 0, 1, '0000-00-00 00:00:00', '0000-00-00 00:00:00'),
(26, 'Ống gió chống cháy đạt EI', 1, 1, 1, '0000-00-00 00:00:00', '0000-00-00 00:00:00');

-- --------------------------------------------------------

--
-- Cấu trúc bảng cho bảng `images`
--

CREATE TABLE `images` (
  `id` int(11) NOT NULL,
  `post_id` int(11) NOT NULL,
  `image` varchar(191) COLLATE utf8_unicode_ci NOT NULL,
  `thumb` varchar(191) COLLATE utf8_unicode_ci DEFAULT NULL,
  `alias` varchar(191) COLLATE utf8_unicode_ci DEFAULT NULL,
  `created_at` timestamp NOT NULL DEFAULT current_timestamp() ON UPDATE current_timestamp(),
  `updated_at` timestamp NOT NULL DEFAULT '0000-00-00 00:00:00'
) ENGINE=InnoDB DEFAULT CHARSET=utf8 COLLATE=utf8_unicode_ci;

--
-- Đang đổ dữ liệu cho bảng `images`
--

INSERT INTO `images` (`id`, `post_id`, `image`, `thumb`, `alias`, `created_at`, `updated_at`) VALUES
(8, 155, 'storage/app/public/uploads/product/uQKjmO24Lk.jpg', '', NULL, '2019-06-30 20:34:41', '2019-06-30 20:34:41'),
(9, 156, 'storage/app/public/uploads/product/FFr2fBwUWw.jpg', '', NULL, '2019-06-30 20:35:24', '2019-06-30 20:35:24'),
(10, 157, 'storage/app/public/uploads/product/O7jeNCbNrz.jpg', '', NULL, '2019-06-30 20:36:08', '2019-06-30 20:36:08'),
(11, 158, 'storage/app/public/uploads/product/HskPYzlJRc.jpg', '', NULL, '2019-06-30 20:46:19', '2019-06-30 20:46:19'),
(12, 159, 'storage/app/public/uploads/product/KIY8vKqPRP.jpg', '', NULL, '2019-06-30 21:23:05', '2019-06-30 21:23:05'),
(15, 154, 'storage/app/public/uploads/product/v2lST9i6E5.jpg', '', NULL, '2019-07-01 20:02:24', '2019-07-01 20:02:24');

-- --------------------------------------------------------

--
-- Cấu trúc bảng cho bảng `migrations`
--

CREATE TABLE `migrations` (
  `id` int(10) UNSIGNED NOT NULL,
  `migration` varchar(255) COLLATE utf8mb4_unicode_ci NOT NULL,
  `batch` int(11) NOT NULL
) ENGINE=InnoDB DEFAULT CHARSET=utf8mb4 COLLATE=utf8mb4_unicode_ci;

-- --------------------------------------------------------

--
-- Cấu trúc bảng cho bảng `posts`
--

CREATE TABLE `posts` (
  `id` int(10) UNSIGNED NOT NULL,
  `title` varchar(255) COLLATE utf8_unicode_ci NOT NULL,
  `description` text COLLATE utf8_unicode_ci NOT NULL,
  `content` longtext COLLATE utf8_unicode_ci NOT NULL,
  `viewed` int(10) UNSIGNED NOT NULL DEFAULT 0,
  `votes` int(11) NOT NULL DEFAULT 0,
  `parent` int(10) UNSIGNED NOT NULL,
  `type` int(10) UNSIGNED NOT NULL,
  `categorieID` int(10) UNSIGNED NOT NULL DEFAULT 0,
  `userID` int(10) UNSIGNED NOT NULL DEFAULT 0,
  `sttesign` tinyint(3) UNSIGNED NOT NULL DEFAULT 0,
  `price` decimal(10,0) NOT NULL,
  `created_at` timestamp NOT NULL DEFAULT '0000-00-00 00:00:00',
  `updated_at` timestamp NOT NULL DEFAULT '0000-00-00 00:00:00'
) ENGINE=InnoDB DEFAULT CHARSET=utf8 COLLATE=utf8_unicode_ci;

--
-- Đang đổ dữ liệu cho bảng `posts`
--

INSERT INTO `posts` (`id`, `title`, `description`, `content`, `viewed`, `votes`, `parent`, `type`, `categorieID`, `userID`, `sttesign`, `price`, `created_at`, `updated_at`) VALUES
(1, 'Cửa gió khuếch tán  V -SAD', 'Cửa gió khuếch tán được sử dụng làm cửa gió cấp, cửa gió hồi', '<h2>Cửa gi&oacute; khuếch t&aacute;n &nbsp;V -SAD</h2>\r\n\r\n<p><img alt=\"\" src=\"http://vitduct.com.vn/storage/app/public/uploads/images/C%E1%BB%ADa%20gi%C3%B3%20khu%E1%BA%BFch%20t%C3%A1n%201_1(1).jpg\" style=\"height:267px; width:400px\" /><img alt=\"\" src=\"http://vitduct.com.vn/storage/app/public/uploads/images/C%E1%BB%ADa%20gi%C3%B3%20khu%E1%BA%BFch%20t%C3%A1n%201_2(1).jpg\" style=\"height:267px; width:400px\" /></p>\r\n\r\n<p><big>* Đặc điểm sử dụng:<br />\r\n- Được sử dụng l&agrave;m của gi&oacute; cấp, của gi&oacute; hồi<br />\r\n- Th&iacute;ch hợp lắp đặt cho tất cả c&aacute;c loại trần giả<br />\r\n- Khung v&agrave; l&otilde;i ri&ecirc;ng biệt, dễ d&agrave;ng th&aacute;o lắp v&agrave; bảo tr&igrave;<br />\r\n- Tuy theo vị&nbsp;tr&iacute; lắp đặt m&agrave; chọn loại thổi&nbsp;1,2,3 hoặc 4 hướng<br />\r\n- C&oacute; thể l&agrave; h&igrave;nh vu&ocirc;ng hoặc h&igrave;nh chữ nhật<br />\r\n* Vật liệu m&agrave;u sắc:<br />\r\n- Khung được l&agrave;m từ nh&ocirc;m định h&igrave;nh tr&ecirc;n c&oacute; g&acirc;n tăng cứng v&agrave; ke g&oacute;c để tạo g&oacute;c vu&ocirc;ng cho cửa.<br />\r\n- C&aacute;nh được l&agrave;m từ nh&ocirc;m định h&igrave;nh,tr&ecirc;n c&aacute;nh c&oacute; g&acirc;n trợ lực để tăng cứng.<br />\r\n- Được sơn tĩnh điện m&agrave;u trắng, m&agrave;u sắc kh&aacute;c theo y&ecirc;u cầu của qu&yacute; kh&aacute;ch h&agrave;ng.</big></p>\r\n\r\n<p><img alt=\"\" src=\"http://vitduct.com.vn/storage/app/public/uploads/images/cua-khuech-tan_result.jpg\" style=\"height:416px; width:1000px\" /></p>\r\n\r\n<p><img alt=\"\" src=\"http://vitduct.com.vn/storage/app/public/uploads/images/cua-khuech-tan-1_result.jpg\" style=\"height:800px; width:1000px\" /></p>\r\n\r\n<p><img alt=\"\" src=\"http://vitduct.com.vn/storage/app/public/uploads/images/cua-khuech-tan-2_result.jpg\" style=\"height:425px; width:1000px\" /></p>', 0, 0, 1, 1, 5, 4, 1, '0', '2016-02-15 06:57:01', '2019-12-13 02:43:47'),
(2, 'Cút góc ống gió: V-DK-A', 'Cút góc ống gió không bọc bảo ôn', '<h1>C&uacute;t g&oacute;c ống gi&oacute;: V-DK-A</h1>\r\n\r\n<p>&nbsp; &nbsp; &nbsp; &nbsp; &nbsp; &nbsp; &nbsp; &nbsp; &nbsp; &nbsp; &nbsp; &nbsp; &nbsp; &nbsp; &nbsp; &nbsp; &nbsp; &nbsp; &nbsp; &nbsp; &nbsp; &nbsp; &nbsp; &nbsp; &nbsp; &nbsp; &nbsp; &nbsp; &nbsp; &nbsp; &nbsp; &nbsp; &nbsp; &nbsp; &nbsp; &nbsp; &nbsp; &nbsp;<img alt=\"Cút ống gió\" src=\"http://vitduct.com.vn/storage/app/public/uploads/images/cut-ong-gio.png\" style=\"height:400px; width:400px\" /></p>\r\n\r\n<p><img alt=\"cút ống gió\" src=\"http://vitduct.com.vn/storage/app/public/uploads/images/cut-ong-gio_result.jpg\" style=\"height:457px; width:1000px\" /></p>\r\n\r\n<p><big><strong>* Vật liệu m&agrave;u sắc:</strong><br />\r\n&nbsp; &nbsp; Vật liệu phổ biến được d&ugrave;ng để sản xuất <strong>C&uacute;t g&oacute;c ống gi&oacute;</strong> bao gồm: t&ocirc;n mạ kẽm, th&eacute;p đen, nh&ocirc;m, th&eacute;p kh&ocirc;ng gỉ.Tuy nhi&ecirc;n,<br />\r\nc&aacute;c sản phẩm ống gi&oacute; của VlTDUCT phổ biến l&agrave;m từ vật liệu t&ocirc;n mạ kẽm v&agrave; th&eacute;p tẩm kh&ocirc;ng gỉ (SU5201 , SU5304).</big></p>\r\n\r\n<p>&nbsp;</p>', 0, 0, 1, 1, 4, 4, 1, '0', '2016-02-15 07:08:08', '2019-11-03 21:19:11'),
(3, 'Côn ống gió: V-DK-A', 'Côn ống gió vuông tròn', '<h1>C&ocirc;n ống gi&oacute;: V-DK-A</h1>\r\n\r\n<h1>&nbsp; &nbsp; &nbsp; &nbsp; &nbsp; &nbsp;<img alt=\"Côn ống gió\" src=\"http://vitduct.com.vn/storage/app/public/uploads/images/cong%20vuong%20tron.png\" style=\"height:348px; width:418px\" /><img alt=\"\" src=\"http://vitduct.com.vn/storage/app/public/uploads/images/Con-thu-vuong-tron.png\" style=\"height:400px; width:400px\" /></h1>\r\n\r\n<p><img alt=\"Côn ống gió\" src=\"http://vitduct.com.vn/storage/app/public/uploads/images/Con-ong-gio_result.jpg\" style=\"height:373px; width:1000px\" /></p>\r\n\r\n<p><big><strong>* Vật liệu m&agrave;u sắc:</strong><br />\r\n&nbsp; &nbsp; &nbsp;Vật liệu phổ biến được d&ugrave;ng để sản xuất <strong>C&ocirc;n&nbsp;ống gi&oacute;</strong>&nbsp;bao gồm: t&ocirc;n mạ kẽm, th&eacute;p đen, nh&ocirc;m, th&eacute;p kh&ocirc;ng gỉ. Tuy nhi&ecirc;n, c&aacute;c sản phẩm ống gi&oacute; của VlTDUCT phổ biến l&agrave;m từ vật liệu t&ocirc;n mạ kẽm v&agrave; th&eacute;p tấm kh&ocirc;ng gỉ (SU5201 , SU5304).</big></p>', 0, 0, 1, 1, 4, 4, 1, '0', '2016-02-15 07:11:45', '2019-11-03 21:19:48'),
(5, 'Ống gió tròn xoắn: V-DK-S', 'Ống gió tròn xoắn được thiết kế bởi những kiến trúc sư giỏi do yêu cầu thẩm mỹ của các công trình, ống có thể được sơn, phối màu phù hợp hoặc nổi bật với cảnh quan bên trong công trình.', '<h1>Ống gi&oacute; tr&ograve;n xoắn: V-DK-S&nbsp; &nbsp; &nbsp; &nbsp; &nbsp; &nbsp; &nbsp; &nbsp; &nbsp; &nbsp; &nbsp; &nbsp; &nbsp; &nbsp; &nbsp; &nbsp; &nbsp; &nbsp; &nbsp; &nbsp; &nbsp; &nbsp; &nbsp; &nbsp; &nbsp; &nbsp; &nbsp; &nbsp; &nbsp; &nbsp; &nbsp; &nbsp; &nbsp; &nbsp; &nbsp; &nbsp; &nbsp; &nbsp;</h1>\r\n\r\n<p>&nbsp; &nbsp; &nbsp; &nbsp; &nbsp; &nbsp; &nbsp; &nbsp; &nbsp; &nbsp; &nbsp; &nbsp; &nbsp; &nbsp; &nbsp; &nbsp; &nbsp; &nbsp; &nbsp; &nbsp; &nbsp; &nbsp; &nbsp; &nbsp; &nbsp; &nbsp; &nbsp; &nbsp; &nbsp; &nbsp; &nbsp; &nbsp; &nbsp; &nbsp; &nbsp; &nbsp; &nbsp; &nbsp;&nbsp;<img alt=\"Ống tròn xoắn\" src=\"http://vitduct.com.vn/storage/app/public/uploads/images/ong-tron-xoan.png\" style=\"height:307px; width:370px\" /></p>\r\n\r\n<p><img alt=\"\" src=\"http://vitduct.com.vn/storage/app/public/uploads/images/ong-gio-tron-xoan_result.jpg\" style=\"height:734px; width:1000px\" /></p>\r\n\r\n<p><img alt=\"\" src=\"http://vitduct.com.vn/storage/app/public/uploads/images/ong-gio-tron-xoan-1_result.jpg\" style=\"height:302px; width:1000px\" /></p>\r\n\r\n<p><span dir=\"ltr\"><big><strong>* Đặc điểm sử dụng:</strong><br />\r\n&nbsp; &nbsp; &nbsp; C&aacute;c sản phẩm <strong>ống gi&oacute; tr&ograve;n xoắn</strong> v&agrave; ống gi&oacute;&nbsp;tr&ograve;n trơn VlTDUCT được chế tạo v&agrave; sản xuất ph&ugrave; hợp với c&aacute;c ti&ecirc;u chuẩn: TCC505:2019|VITDUCT (ban h&agrave;nh lần 2), TCXD 232:1999 v&agrave; c&aacute;c ti&ecirc;u chuẩn quốc tế SMACNA, DW/144 để sử dụng trong c&aacute;c đường ống chịu lực cao, ống dẫn kh&iacute; v&agrave; ống dẫn của hệ thống điều h&ograve;a th&ocirc;ng gi&oacute;. Được sản xuất bởi phương ph&aacute;p đặc biệt l&agrave; mối gh&eacute;p dọc hoặc mối gh&eacute;p 4 chiều, tạo n&ecirc;n cho đường ống độ cứng v&agrave; chịu được &aacute;p lực l&agrave;m việc cao cũng như độ k&iacute;n. Sản phẩm ống gi&oacute; tr&ograve;n xoắn&nbsp;của ch&uacute;ng t&ocirc;i c&ograve;n c&oacute; th&ecirc;m ưu điểm l&agrave; nhẹ, dễ d&agrave;ng trong việc lắp đặt v&agrave; l&agrave;m giảm thiểu tổn thất &aacute;p suất trong qu&aacute; tr&igrave;nh sử dụng.Việc l&agrave;m giảm thiểu tổn thất &aacute;p suất dẫn đến k&iacute;ch thước đường ống được tối ưu h&oacute;a, thuận tiện với điều kiện lắp đặt tại c&aacute;c vị tr&iacute; hạn hẹp như tr&ecirc;n trần thạch cao t&ograve;a nh&agrave;, trong c&aacute;c hộp kỹ thuật. Ch&iacute;nh v&igrave; vậy, việc sử dụng ống gi&oacute; tr&ograve;n&nbsp;xoắn v&agrave; ống gi&oacute; tr&ograve;n trơn thương hiệu VlTDUCT ng&agrave;y c&agrave;ng được phổ biến.</big></span></p>\r\n\r\n<p><span dir=\"ltr\"><big><strong>* Vật liệu m&agrave;u sắc:</strong><br />\r\n&nbsp; &nbsp; &nbsp;Vật liệu phổ biến được d&ugrave;ng để sản xuất <strong>ống gi&oacute;&nbsp;tr&ograve;n xoắn</strong>&nbsp;bao gồm: t&ocirc;n mạ kẽm, th&eacute;p đen, nh&ocirc;m, th&eacute;p kh&ocirc;ng gỉ. Tuy nhi&ecirc;n, c&aacute;c sản phẩm ống gi&oacute; của VlTDUCT phổ biến l&agrave;m từ vật liệu t&ocirc;n mạ kẽm v&agrave; th&eacute;p tấm kh&ocirc;ng gỉ (SU5201 , SU5304).</big></span></p>\r\n\r\n<p><strong><big>* Ti&ecirc;u chuẩn chế tạo:&nbsp;</big></strong></p>\r\n\r\n<p><img alt=\"\" src=\"http://vitduct.com.vn/storage/app/public/uploads/images/ong-gio-tron-xoan-2_result.jpg\" style=\"height:728px; width:1000px\" /></p>\r\n\r\n<p><var><big>* Ghi ch&uacute;: C&oacute; thể được &aacute;p dụng theo c&aacute;c ti&ecirc;u chuẩn tr&ecirc;n hoặc theo y&ecirc;u cầu kỹ thuật hoặc thiết kế của từng dự &aacute;n / y&ecirc;u cầu của kh&aacute;ch h&agrave;ng.</big></var></p>', 0, 0, 1, 1, 4, 4, 1, '0', '2016-02-15 07:13:59', '2019-11-03 21:17:59'),
(7, '4 “ông lớn” bất động sản có ảnh hưởng nhất năm qua', 'Dường như sân chơi lớn đang tập trung trong tay 4 nhà phát triển bất động sản...', '<p></p><p><b>Năm 2015 được coi là một năm thăng hoa của thị trường bất động sản Việt Nam, với số lượng giao dịch thành công tăng đột biến.&nbsp;</b></p><p>Thế nhưng, sự hưng phấn trên toàn thị trường lại không dành cho tất cả các doanh nghiệp trong ngành, khi phần lớn các doanh nghiệp bất động sản nhìn chung vẫn còn nhiều khó khăn trong việc đưa sản phẩm đến tay người tiêu dùng.</p><p>Bất động sản năm 2015 là cuộc đua phân hạng rõ ràng, và nhìn trên góc độ này, dường như sân chơi lớn đang tập trung trong tay 4 nhà phát triển bất động sản.</p><p><img src=\"http://vneconomy2.vcmedia.vn/zoom/500_312/QXDRQqSpnksbgvD7IHAwXMYvXWy4e/Image/2016/01/00-9c384.jpg\"><br></p><p></p><p><strong>Vingroup</strong></p><p>Nếu trước 2015, không khó để liệt kê được các dự án do tập đoàn này triển khai, thì trong năm vừa qua, ngay cả những người theo dõi sát tập đoàn này cũng không thể tự tin nói chính xác số dự án bất động sản mà Vingroup đã khởi công trên khắp cả nước.&nbsp;</p><p>Với Vingroup, các dự án bất động sản được triển khai đều khắp ở nhiều hạng mục như: bất động sản nhà ở thương mại, bất động sản nghỉ dưỡng, trung tâm thương mại.</p><p>Tại Hà Nội, nơi các dự án bất động sản nhà ở của Vingroup tập trung nhiều nhất, tính đến hết năm 2015, tập đoàn này đã sở hữu quỹ đất khổng lồ, với số lượng căn hộ, biệt thự lên tới hàng chục nghìn căn.</p><p>Điều thú vị là, dù chào bán dày đặc, tất cả các dự án đều có quy mô lớn, nhưng dòng tiền thu được từ bán hàng của Vingroup vẫn ở mức rất lớn, với tỷ lệ hấp thụ cao. Đặc biệt hơn, các dự án của Vingroup đều sở hữu một đặc điểm chung là sớm trở thành tâm điểm chú ý của mỗi khu vực khi dự án đi vào hoạt động.</p><p>Không chỉ “ghi điểm” trên địa bàn Hà Nội, tại Tp.HCM, Vingroup cũng đang chứng tỏ ưu thế trong lĩnh vực nhà ở. Cùng với đó là hàng loạt dự án bất động sản nghỉ dưỡng tại các địa phương trên cả nước. Đối với phân khúc bất động sản, Vingroup không chỉ tạo ra những quần thể nghỉ dưỡng lớn, đẳng cấp, mà các sản phẩm nghỉ dưỡng thuộc các quần thể này cũng có sức hấp dẫn đáng kể với thị trường.</p><p>Triển khai nhiều dự án, các dự án có quy mô lớn, ở đẳng cấp khá cao, luôn tạo ra dấu ấn và đặc biệt là được thị trường đón nhận ở cả phân khúc nghỉ dưỡng lẫn nhà ở thương mại là đặc điểm nổi bật của Vingroup.&nbsp;</p><p>Hiện tại, cách bán hàng của Vingroup liên quan đến cam kết lợi nhuận tại các dự án bất động sản nghỉ dưỡng đã được nhiều doanh nghiệp học theo, nhưng làm được như Vingroup lại không hề đơn giản, bởi cái thị trường còn cần là uy tín - điều các chủ đầu tư lại không dễ làm được trong ngày một ngày hai.</p><p></p><p><b>FLC Group</b></p><p>Tại Hà Nội, trong vòng một năm qua, số dự án khởi công, mở bán rất nhiều. Và ngoài Vingroup, trong năm 2015, trong khi nhiều doanh nghiệp bất động sản khác vẫn chật vật bán hàng, thì với hơn 4.000 căn hộ và biệt thự ra mắt thị trường trong năm 2015,&nbsp;FLC dường như là doanh nghiệp duy nhất có sản phẩm chào bán “cháy hàng” ngay trong ngày đầu tiên mở bán.</p><p>Ở phân khúc nhà ở thương mại, các dự án của FLC hầu hết là các dự án riêng lẻ, nhưng mang đặc điểm chung là có vị trí đẹp, nằm ở khu vực có tỷ lệ hấp thụ thuộc top cao nhất của Hà Nội, như các dự án FLC Complex 36 Phạm Hùng, FLC Garden City, FLC Greenhome... Ngay dự án tháp đôi FLC Twin Towers tại 265 Cầu Giấy, chưa cần phải chào bán, FLC đã có lượng đăng ký đặt mua xấp xỉ số căn dự kiến sẽ chào bán.</p><p>Hiện tại, ngoài những dự án chung cư đã công bố, FLC còn sở hữu hàng loạt dự án khác tại Hà Nội, với tổng số hơn 10 tòa căn hộ cùng nhiều dự án nhà liền kề, biệt thự... với một đặc điểm giống như các dự án đã công bố, là đều được thị trường quan tâm, nhiều đơn vị trung gian đăng ký mua lại.</p><p>Ngoài mảng nhà ở thương mại tại Hà Nội, tương tự Vingroup, FLC cũng sở hữu các quần thể dự án nghỉ dưỡng tại các địa phương khác, với tổng mức đầu tư lên tới hàng chục nghìn tỷ đồng như: Thanh Hóa (FLC Sầm Sơn Beach &amp; Golf Resort), Bình Định (FLC Quy Nhơn Beach &amp; Golf Resort), Vĩnh Phúc (FLC Vĩnh Thịnh Resort), quần thể sân golf tại Quảng Bình, sắp tới là Quảng Ninh... chưa kể dự án nhà ở tại Thanh Hóa.</p><p>Ở phân khúc này, FLC đã tạo được dấu ấn cho chính mình và địa phương, khi trở thành người đi đầu biến tiềm năng du lịch tại các địa phương trở thành hiệu quả kinh tế cho doanh nghiệp và địa phương. Với FLC Sầm Sơn, chỉ trong một thời gian ngắn đi vào hoạt động, quần thể dự án này đã thu hút hàng chục nghìn lượt khách, trở thành tâm điểm du lịch của Thanh Hóa, tạo được doanh thu khá lớn khi hàng trăm biệt thự đã được thị trường tiếp nhận ngay lần đầu tiên mở bán.</p><p><span style=\"line-height: 1.45em; background-color: initial;\">FLC cũng đang từng bước “cắm mốc” tại các địa danh giàu tiềm năng dọc theo dải bờ biển miền Trung. Chỉ trong vòng hai năm qua, hàng tỷ USD đã được tập đoàn này rót vào các dự án bất động sản nghỉ dưỡng tại Thanh Hóa, Bình Định và tới đây sẽ là Quảng Bình, Quảng Ninh.</span><br></p><p><b>Novaland</b></p><p>Nếu ở phía Bắc, Vingroup được coi là người thống lĩnh thị trường bất động sản nhà ở, thì tại khu vực miền Nam, Novaland cũng là cái tên được nhắc đến gần đây, với lượng sản phẩm bán ra khổng lồ trong vòng 3 năm nay, cùng quỹ dự án lớn.</p><p>Với hàng chục dự án trải khắp các địa bàn Tp.HCM, như Sunrise City, Suriseview, Sunrise Riverside, Golden Mansion, Orchard Parkview, Newton Residence, Duxton Residence, The Sun Avenue, The Botanica, RiverGate, Lucky Palace, Lucky Dragon... khiến khách hàng tại thị trường này bắt đầu rơi vào cảm giác “ra ngõ gặp Novaland”.</p><p>Ở khu vực phía Nam, thị trường không rơi vào tình trạng phân hạng mạnh như khu vực phía Bắc, nhưng phía sau Novaland, các doanh nghiệp bất động sản khác dù vẫn bán hàng được, nhưng tốc độ phát triển chậm hơn, và ở quy mô nhỏ hơn rất nhiều.</p><p><b>Sun Group</b></p><p>Ở mảng bất động sản nghỉ dưỡng, ngoài Vingroup, FLC, năm 2015, Sun Group là cái tên được thị trường biết đến với hàng loạt dự án đầu tư vào Đà Nẵng (Bà Nà Hills, InterContinental Sun Peninsula Resort...).</p><p>Tại Quảng Ninh, Sun Group cũng đang đầu tư mạnh với hệ thống cáp treo xuyên vịnh Hạ Long. Hệ thống cáp treo này nằm trong tổ hợp dự án 6.000 tỷ đồng bao gồm một quần thể công viên trên núi, khu vui chơi giải trí trên đồi, vòng quay khổng lồ, và một thủy cung lớn phía dưới chân bờ vịnh Hạ Long.</p><p>Ngoài ra, tập đoàn này cũng đang và sẽ đầu tư vào các địa phương khác như Lào Cai, Phú Quốc.</p><p><span style=\"line-height: 1.45em; background-color: initial;\">Với lượng khách khổng lồ đã đến với Sun Group trong suốt các năm qua, doanh nghiệp này đang chứng tỏ vị thế ngày một lớn của mình trong lĩnh vực bất động sản nghỉ dưỡng, với một hướng đầu tư rất riêng tại Việt Nam.</span><br></p><p></p><p></p><p></p>\r\n', 0, 0, 3, 0, 3, 1, 1, '0', '2016-02-15 07:31:04', '2016-02-15 07:38:11'),
(8, 'Cứ 10 giây, Apple kiếm được 11.740 USD lợi nhuận', 'Một mình Apple chiếm đến hơn nửa lợi nhuận của các công ty công nghệ lớn nhất thế giới... Không còn nghi ngờ gì nữa, yếu tố lớn nhất tác động đến cuộc sống hiện đại chính là khả năng sao lưu và dự trữ dữ liệu với chi phí bằng không. ', '<p><p><strong>Không còn nghi ngờ gì nữa, yếu tố lớn nhất tác động đến cuộc sống hiện đại chính là khả năng sao lưu và dự trữ dữ liệu với chi phí bằng không. </strong></p><p>Cuộc cách mạng về thông tin đã mang đến cho con người rất nhiều lợi ích mà không phải tốn quá nhiều chi phí.</p><p>Giờ đây người ta có thể kết nối với kho kiến thức toàn cầu mà không phải trả một xu nào hoặc số tiền phải trả quá thấp đến mức không cần thiết phải bận tâm.</p><p>Những ứng dụng mới với nhiều tính năng ấn tượng có giá chưa đến một USD hay giá thuê bao dịch vụ truyền hình trực tuyến Netflix quá thấp đến mức hiếm khi chúng ta bận tâm đến nó khi thanh toán nợ thẻ tín dụng. </p><p>Đó là khi tiếp nhận thông tin còn khi muốn chia sẻ thông tin lại với cộng đồng, chúng ta cũng chẳng phải trả bất kỳ khoản tiền nào thông qua mạng xã hội, email hay nhiều phương tiện khác.</p><p>Trong suốt lịch sử loài người, chưa bao giờ con người được hưởng nhiều tiện ích như trên. Người ta chỉ có thể làm được điều đó nhờ vào sự phát triển bùng nổ của mạng Internet.</p><p>Có bao giờ bạn tự hỏi bạn thực hiện bao nhiêu thao tác tìm kiếm trên Google mỗi ngày? Bạn bè của bạn tìm kiếm trên Google bao nhiêu lần một ngày? </p><p><img src=\"http://vneconomy2.vcmedia.vn/zoom/500_312/S8igPoDlP2Gama5joBTW45D1IvpL1/Image/2016/02/loinhuan-88a79.png\"><br></p><p>Theo số liệu của Business Insider, cứ mỗi 10 giây trôi qua, khoảng 225.740 GB dữ liệu được chuyển tải trên mạng Internet. </p><p>Cũng trong khoảng thời gian trên, 46 nghìn lệnh tìm kiếm được thực hiện trên Google, 110 tài khoản twitter được tạo ra, trên Facebook có thêm 549.760 nội dung mới được đăng tải; 34.027.780 email được gửi đi, 2 triệu tin nhắn được trao đổi trên ứng dụng WhatsApp hay 6.340 ứng dụng trên App Store được tải về. </p><p>Mỗi một thao tác của bạn trên mạng Internet chỉ mang lại vài cent rất nhỏ cho nhà cung cấp ứng dụng nhưng tính theo con số rất lớn các thao tác như trên, nhà sản xuất thu được món lợi không hề nhỏ.</p><p>Vậy các công ty công nghệ lớn của thế giới kiếm được bao nhiêu tiền khi cứ mỗi 10 giây qua đi?</p><p>Theo thứ tự như trên, cứ mỗi 10 giây, Google kiếm được 4.090 USD lợi nhuận; Twitter thu được 200 USD doanh thu nhưng lại đang lỗ 200 USD; Facebook kiếm được 480 USD lợi nhuận; Apple thu về 11.740 USD lợi nhuận.</p><p>Và nếu tính chung, con số lợi nhuận chắc chắn sẽ khiến nhiều người ngạc nhiên. Cứ mỗi 10 giây trôi qua, các công ty công nghệ trên thu về 23.630 USD lợi nhuận và khoảng một nửa con số trên về túi của Apple. </p></p>', 0, 0, 3, 0, 3, 1, 1, '0', '2016-02-15 07:40:00', '2016-03-16 02:12:12'),
(9, 'Facebook cán ngưỡng 1 tỷ USD lợi nhuận', 'Facebook ngày 27/1 lần đầu tiên công bố mức lợi nhuận ròng hàng quý vượt mức 1 tỷ USD, cho thấy khả năng của mạng xã hội lớn nhất hành tinh trong việc kiếm tiền nhanh từ mức độ phổ biến ngày càng rộng rãi của mình.', '<p><strong>Facebook ngày 27/1 lần đầu tiên công bố mức lợi nhuận ròng hàng quý vượt mức 1 tỷ USD, cho thấy khả năng của mạng xã hội lớn nhất hành tinh trong việc kiếm tiền nhanh từ mức độ phổ biến ngày càng rộng rãi của mình.</strong><br><br>Tờ Wall Street Journal cho biết, doanh thu quý 4/2015 của Facebook tăng 52% so với cùng kỳ năm trước, đạt mức 3,85 tỷ USD nhờ lượng khách hàng quảng cáo tăng mạnh. Trong khi đó, chi phí chỉ tăng 21%.<br><br>Giá cổ phiếu của Facebook đã tăng 4,3% trong phiên giao dịch điện tử tại thị trường New York sau khi kết quả kinh doanh khả quan trên được công bố.</p><p><img src=\"http://vneconomy2.vcmedia.vn/zoom/500_312/e8MGt3z9mEZXVBKvj6NiUjxtCZ14Zf/Image/2016/01/00-1817c.jpg\"><br><br>Năm 2015 là năm mà Facebook đầu tư mạnh để phát triển. Công ty của Mark Zuckerberg đã thuê thêm hàng nghìn nhân viên và rót tiền vào những dự án như kính thực tế ảo Oculus VR, trí tuệ nhân tạo, và phủ sóng Internet tới các khu vực xa xôi.<br><br>Ngoài ra, Facebook cũng mở rộng thêm lựa chọn cho khách hàng quảng cáo, chẳng hạn cho khách hàng đặt thêm quảng cáo trên ứng dụng chia sẻ ảnh Instagram.&nbsp;<br><br>Trong nhiều trường hợp, Facebook có thể đòi mức giá cao hơn cho những quảng cáo như vậy, đặc biệt là ở thị trường Bắc Mỹ. Theo công ty nghiên cứu Bernstein Research, giá quảng cáo trên bảng tin (news feed) của Facebook tại Bắc Mỹ tăng tới 20% trong năm ngoái.<br><br>Doanh thu và lợi nhuận tăng đẩy giá cổ phiếu Facebook tăng gần 30% trong năm ngoái. Có thời điểm, giá trị vốn hóa thị trường của công ty 12 năm tuổi này vượt mức 300 tỷ USD.<br><br>Lợi nhuận ròng quý 4 của Facebook đạt 1,56 tỷ USD, tương đương 0,54 USD/cổ phiếu, từ mức 701 triệu USD, tương 0,25 USD/cổ phiếu cùng kỳ năm ngoái.<br><br>Trong quý 4, số người truy cập Facebook ít nhất 1 lần trong 1 tháng đạt 1,59 tỷ người, từ mức 1,55 tỷ người trong quý 3.<br></p>', 0, 0, 3, 0, 3, 1, 1, '0', '2016-02-15 07:46:33', '2016-02-15 07:46:33'),
(10, 'Áp thuế giá thép tăng vụt, có tích trữ đầu cơ?', '“Đang nhức đầu với...cơ quan công an vì xe tải nối đuôi chờ lấy hàng nhà máy dưới Bà Rịa - Vũng Tàu. Dù nỗ lực giao hàng cho các tài xế chở hàng nhưng số phiếu xuất hàng rất nhiều, lại tập trung đông hơn mức bình thường nên vẫn còn xe chờ bên ngoài”.', '<p><p>Sáng 13-3, trao đổi với&nbsp;<em>Tuổi Trẻ</em>, ông Đỗ Duy Thái, chủ tịch HĐQT Công ty CP Thép Việt (Pomina), xác nhận: “Đang nhức đầu với...cơ quan công an vì xe tải nối đuôi chờ lấy hàng nhà máy dưới Bà Rịa - Vũng Tàu. Dù nỗ lực giao hàng cho các tài xế chở hàng nhưng số phiếu xuất hàng rất nhiều, lại tập trung đông hơn mức bình thường nên vẫn còn xe chờ bên ngoài”.</p><p><img src=\"http://static.new.tuoitre.vn/tto/i/s626/2016/03/14/6f763c82.jpg\" style=\"\"><br></p><p style=\"text-align: center;\"><i>Tài xế ngồi chờ lấy phiếu để nhận thép tại huyện Tân Thành, Bà Rịa - Vũng Tàu - Ảnh: Đông Hà</i><br></p><p>Theo ông Thái, sở dĩ có tình trạng các đại lý, nhà phân phối điều nhà xe đến lấy thép nhiều hơn một cách bất thường là do quyết định áp thuế tự vệ tạm thời của Bộ Công thương ban hành hôm 7-3 (mức 23,3% đối với phôi thép, 14,2% đối với thép dài dưới dạng thuế nhập khẩu bổ sung, có hiệu lực từ ngày 22-3 tới). Thuế tăng, một số người suy đoán giá sau ngày 21-3 sẽ cao hơn so với thời điểm hiện nay nên đổ xô đi mua.</p><p>Ông Thái cũng không phủ nhận việc Pomina vừa điều chỉnh giá bán thép các loại giao tại nhà máy đã tăng thêm 250.000 đồng/tấn kể từ ngày 9-3, tức hai ngày sau khi Bộ Công thương ban hành quyết định nói trên, từ 8,7 triệu đồng/tấn lên 8,95 triệu đồng/tấn (chưa VAT). Dự kiến từ ngày 14-3, Pomina sẽ tiếp tục điều chỉnh giá bán.</p><p>Cũng có đoàn xe xếp hàng dài chờ lấy thép tại nhà máy ở Bà Rịa - Vũng Tàu nhưng ông Nguyễn Đình Phúc, tổng giám đốc Công ty TNHH một thành viên Thép Miền Nam (VNSteel), cho rằng không phải là vì mức thuế tăng của Bộ Công thương, mà do sự tình cờ trùng hợp một số nguyên liệu sản xuất thép như thép phế, phôi thép, quặng... đều có xu hướng nhích giá sau một thời gian dài giảm giá.</p><p>Với nguồn cung khoảng 40.000 tấn/tháng như hiện nay, ông Phúc khẳng định đoàn xe đến lấy hàng chủ yếu là các đại lý, nhà phân phối đến chở hàng theo hợp đồng đã ký với VNSteel. “Phần lớn các nhà phân phối đều có hợp đồng dài hạn với các công trình xây dựng nên họ phải cam kết giữ giá và cần sự ổn định về nguồn hàng cung cấp.</p><p>Chúng tôi vẫn xuất hàng bán bình thường, nguồn cung sản xuất thép vẫn vượt cầu nên không có chuyện không có hàng, hoặc ghim hàng từ nhà sản xuất. Vấn đề là mọi người cùng kéo đến một lúc thì nó sẽ đông hơn so với bình thường” - ông Phúc giải thích.</p><p>Dù các doanh nghiệp giải thích như vậy nhưng ông Nguyễn Văn Sưa, phó chủ tịch Hiệp hội Thép VN (VSA), cho rằng thị trường tăng giá ào ạt là vô lý bởi năng lực sản xuất thép trong nước đang vượt rất xa nhu cầu. “Thị trường sẽ điều tiết theo nhu cầu thật của nó, chứ không thể tác động bởi các nhu cầu hoặc thông tin ảo được” - ông Sưa nói.</p><p>Theo tìm hiểu của&nbsp;<em>Tuổi Trẻ</em>, trong tháng 1 và 2-2016, tổng lượng thép xây dựng tiêu thụ trên thị trường xấp xỉ 1,1 triệu tấn, tăng lần lượt 36,6 - 90% so với cùng kỳ năm 2015, bất chấp đây là tháng cận tết và trong tết. Nếu cộng thêm lượng thép tồn kho tại các doanh nghiệp (tức chưa bán được) tính đến ngày 29-2 xấp xỉ 500.000 tấn nữa, nên việc thiếu thép rất khó xảy ra.</p><p>Ông Sưa cho rằng việc một số doanh nghiệp điều chỉnh giá bán với lý do giá nguyên liệu tăng chỉ có thể chấp nhận được nếu nguyên liệu đó cập cảng VN từ tháng 4 trở đi. Còn nếu vẫn sử dụng các nguyên liệu giá thấp trước đã mua trong các tháng cuối năm 2015, hay thậm chí đầu tháng 1-2016 mà vẫn tăng giá theo kiểu đón đầu thì chưa hợp lý.</p><p>Tình trạng&nbsp;<a href=\"http://tuoitre.vn/tin/kinh-te/20160312/chuyen-la-ket-xe-tai-cho-nhan-thep/1066123.html\">hàng đoàn xe tải ùn ùn</a>&nbsp;xếp hàng dài chờ đến lượt lấy hàng tại các nhà máy thì không ít doanh nghiệp sản xuất thép cho rằng do chính sách tăng thuế của Bộ Công thương mà ra. Còn các chuyên gia thị trường lại khẳng định tâm lý tích trữ kéo theo đầu cơ mới là nguyên nhân thật sự.</p></p>', 0, 0, 3, 0, 3, 1, 1, '0', '2016-03-16 02:23:05', '2016-03-16 02:23:05'),
(12, 'Van tròn điều chỉnh lưu lượng loại tay gạt  V-VCD/C/H', 'Van điều chỉnh lưu lượng tròn (VD)', '<h1>Van tr&ograve;n điều chỉnh lưu lượng loại tay gạt &nbsp;V-VCD/C/H</h1>\r\n\r\n<p><img alt=\"\" src=\"http://vitduct.com.vn/storage/app/public/uploads/images/Van%20VCD%20tr%C3%B2n%201_1.JPG\" style=\"height:267px; width:400px\" />&nbsp; &nbsp;&nbsp;<img alt=\"\" src=\"http://vitduct.com.vn/storage/app/public/uploads/images/Van%20VCD%20tr%C3%B2n%201_2.jpg\" style=\"height:267px; width:400px\" /></p>\r\n\r\n<p><strong><big>* Đặc điểm sử dụng:</big></strong></p>\r\n\r\n<ul>\r\n	<li><big>D&ugrave;ng&nbsp;để điều chỉnh lưu lượng gi&oacute; cấp v&agrave; gi&oacute; hồi.</big></li>\r\n	<li><big>Được&nbsp;lắp trực tiếp tr&ecirc;n đường ống cấp hoặc ống hồi ph&iacute;a sau hộp g&oacute;p gi&oacute;.</big></li>\r\n	<li><big>Việc điều chỉnh g&oacute;c mở của c&aacute;nh van được thực hiện bằng tay qua&nbsp;trục v&iacute;t,</big>&nbsp;<big>hoặc điều chỉnh tự động bằng loại van gắn động cơ.</big></li>\r\n</ul>\r\n\r\n<p><big><strong>* Vật liệu m&agrave;u sắc:</strong></big></p>\r\n\r\n<ul>\r\n	<li><big>Được l&agrave;m bằng t&ocirc;n mạ kẽm hoặc inox.</big></li>\r\n	<li><big>Tay van c&oacute; thể l&agrave;m bằng nhựa,tay b&aacute;nh v&iacute;t hoặc tay gạt.</big></li>\r\n	<li><big>Rất dễ d&agrave;ng cho việc điều chỉnh lưu lượng gi&oacute; cấp v&agrave; gi&oacute; hồi</big></li>\r\n	<li><big>Tay van: Tay gạt.</big></li>\r\n</ul>\r\n\r\n<p><img alt=\"\" src=\"http://vitduct.com.vn/storage/app/public/uploads/images/Van-tron-dieu-chinh-luu-luong-loai-tay-gat_result.jpg\" style=\"height:874px; width:1000px\" /></p>\r\n\r\n<p><img alt=\"\" src=\"http://vitduct.com.vn/storage/app/public/uploads/images/Van-tron-dieu-chinh-luu-luong-loai-tay-gat-1_result.jpg\" style=\"height:407px; width:1000px\" /></p>\r\n\r\n<p>&nbsp;</p>\r\n\r\n<p>&nbsp;</p>\r\n\r\n<p>&nbsp;</p>', 0, 0, 1, 1, 7, 4, 1, '0', '2016-04-03 07:05:22', '2019-11-04 00:02:33'),
(13, 'Giới thiệu về công ty', 'Với mục tiêu mở rộng thị trường, nâng cao năng lực trong các hoạt động xây dựng, để thực hiện các dự án xây dựng các công trình trong lĩnh vực công nghiệp luyện kim, dân dụng, …', '<p>Kính thưa quí khách hàng.</p><p>Công ty cổ phần Đầu tư xây lắp và thương mại Việt Nam được thành lập năm 2011. Với tôn chỉ hoạt động lấy sự hài lòng của khách hàng làm mục đích, lấy chất lượng của công trình làm thước đo cho sự phát triển của Công ty. Chính vì phương châm đó, toàn thể cán bộ công nhân viên công ty không ngừng nâng cao kiến thức, tay nghề...ngày càng hoàn thiện, để phục vụ khách hàng được tốt hơn. Năng lực của người lao động đươc đề cao và phát huy tối đa để tạo ra chất lượng của sản phẩm và chất lượng của các dự án mà công ty đã, đang và tiến tới tham gia.&nbsp;</p><p>Công ty cổ phần Đầu tư xây lắp và thương mại Việt Nam, ngành nghề và lĩnh vực hoạt động chính của công ty: Sản xuất vật tư cho hệ thống thông gió, lò xo chống rung giảm chấn và cung cấp, thi công các hệ thống cơ điện trong xây dựng dân dụng và công nghiệp. Mục tiêu trong tương lai gần có thể đứng vai trò làm tổng thầu M&amp;E trong các dự án lớn. Để thực hiện mục tiêu trên công ty không ngừng mở rộng về qui mô kinh doanh và qui mô đầu tư về máy móc trang thiết bị hiện đại để nâng cao chất lượng sản phẩm, hạ giá thành và nâng cao sức cạnh tranh.</p><p>Ngoài các yếu tố về đầu tư để mở rộng qui mô, sản xuất thêm các mặt hàng mới phục vụ thị trường. Công ty còn mở rộng sự liên doanh liên kết các hãng, nhà máy cung cấp thiết bị, vật tư trong ngành cơ điện. Với mong muôn đêm tới cho quí khách hàng sự hài lòng nhất. Chính sự thành công của quí khách hàng, là sự thành công của chúng Tôi.</p><p>Rất mong nhận được sự quan tâm và hợp tác.</p><p>Trân trọng cảm ơn!</p>', 0, 0, 16, 3, 17, 3, 1, '0', '2016-04-06 04:33:55', '2016-04-20 23:10:08'),
(17, 'Dự án Golden Palace - Đường Mễ Trì - Quận Nam Từ Liêm - Hà Nội', 'Dự án Golden Palace - Đường Mễ Trì là dự án tổ hợp Văn phòng dịch vụ và căn hộ cao cấp, do công ty CP Đầu tư Mai Linh là chủ đầu tư. Dự án gồm 3 tòa tháp cao 31 tầng nổi và 3 tầng hầm.\r\nCông ty tham gia cung cấp và thi công toàn bộ hệ thống điều hòa không khí của tháp B, thông gió toàn bộ phần khối đế và thông gió tầng hầm', '<p><p></p><p><img src=\"http://vitduct.com.vn/uploads/0416/8017Golden Palace 2.jpg\"></p><br></p>', 0, 0, 2, 4, 10, 3, 1, '0', '2016-04-11 16:24:44', '2016-04-11 16:24:44'),
(18, 'Dự án Golden Palace C3 Lê Văn Lương', 'Dự án Golden Palace C3 Lê Văn Lương', '<p><p><img src=\"http://vitduct.com.vn/uploads/0416/9792C3.jpg\" style=\"\"></p>Dự án Golden Palace C3 Lê Văn Lương là tổ hợp Dịch vụ và căn hộ cao cấp do công ty TNHH ĐTXD Hoàng Cường làm chủ đầu tư. Dự án bao gồm &nbsp;3 tầng hầm và 21 tầng nổi.</p><p>Công ty VIT tham gia cung cấp và thi công Hệ thống điều hòa không khí và thông gió</p>', 0, 0, 2, 4, 10, 3, 1, '0', '2016-04-11 16:29:25', '2016-04-11 16:29:25'),
(19, 'Nhà máy lọc hóa dầu Nghi Sơn', 'Nhà máy lọc hóa dầu Nghi Sơn', '<p><p><img src=\"http://vitduct.com.vn/uploads/0416/6753Loc dau Nghi Son.jpg\" style=\"\"></p>Dự án nhà máy lọc hóa dầu Nghi Sơn, là nhà máy lọc hóa dầu lớn nhất của Việt Nam tại thời điểm hiện tại, với công nghệ hiện đại và do tổ hợp liên doanh nhà thầu JGCS thực hiện.</p><p>Công ty VIT tham gia cung cấp và thi công các hạng mục cơ điện: Điều hòa không khí, FM200, LAN/TEL, báo cháy, điện và âm thanh.</p>', 0, 0, 2, 4, 10, 3, 1, '0', '2016-04-11 16:33:47', '2016-04-11 16:33:47'),
(21, 'Trụ sở công ty 319 - 63 Lê Văn Lương', 'Trụ sở công ty 319 - 63 Lê Văn Lương', '<p><p><img src=\"http://vitduct.com.vn/uploads/0416/2545TRU SO CONG TY 319 - 63 Le Van Luong.jpg\" style=\"\"></p>Dự ánTrụ sở công ty 319 - 63 Lê Văn Lương, do uTổng công ty 319 BQP làm chủ đầu tư<p>Công ty VIT tham gia cung cấp và thi công Hệ thống điều hòa không khí và thông gió</p><br></p>', 0, 0, 2, 4, 10, 3, 1, '0', '2016-04-11 16:43:41', '2016-04-11 16:43:41'),
(22, 'Dự án Thăng Long Number 1', 'Dự án Thăng Long Number 1', '<p><p><img src=\"http://vitduct.com.vn/uploads/0416/998thang-long-number-one4.jpg\" style=\"\"></p>Dự án Thăng Long Number 1<br></p><p>Công ty VIT tham gia cung cấp và thi công Hệ thống thông gió<br></p>', 0, 0, 2, 4, 10, 1, 1, '0', '2016-04-11 16:47:09', '2016-04-11 16:48:35'),
(25, 'Ống gió mềm các loại', 'Ống gió mềm các loại', '<p><img src=\"http://vitduct.com.vn/uploads/0416/4645ong gio mem.jpg\" style=\"line-height: 1.45em; background-color: initial;\"><br></p><p><p><p>Ống gió mềm các loại được phân thành 2 loại chính:</p><p>1. Loại có bảo ôn: Được dùng cho hệ thống cấp và hồi gió lạnh trong hệ thống điều hòa và mục đích chống cháy.</p><p>Các kích thước cơ bản như sau: DN100, DN150, DN200, DN250, DN300 và DN350</p><p>2. Loại không có bảo ôn: Được dùng cho hệ thống cấp và hồi khí thải và cấp gió tươi.</p></p><p>Các kích thước cơ bản như sau: DN100, DN150, DN200, DN250, DN300 và DN350</p><br></p>', 0, 0, 1, 1, 4, 3, 1, '0', '2016-04-11 17:01:32', '2016-04-11 17:01:32'),
(27, 'Cửa gió hồi nan thẳng có lưới lọc bụi: V-FRG-F', 'Cửa gió hồi 2 khung có bản lề', '<h2>Cửa gi&oacute; hồi nan thẳng c&oacute; lưới lọc bụi: V-FRG-F</h2>\r\n\r\n<p><img alt=\"\" src=\"http://vitduct.com.vn/storage/app/public/uploads/images/C%E1%BB%ADa%20gi%C3%B3%20nan%20b%E1%BA%A7u%20d%E1%BB%A5c%201%20l%E1%BB%9Bp%202%20khung%20c%C3%B3%20l%C6%B0%E1%BB%9Bi%20l%E1%BB%8Dc%201_1.jpg\" style=\"height:267px; width:400px\" /><img alt=\"\" src=\"http://vitduct.com.vn/storage/app/public/uploads/images/C%E1%BB%ADa%20gi%C3%B3%20nan%20b%E1%BA%A7u%20d%E1%BB%A5c%201%20l%E1%BB%9Bp%202%20khung%20c%C3%B3%20l%C6%B0%E1%BB%9Bi%20l%E1%BB%8Dc%201_2.jpg\" style=\"height:267px; width:400px\" /></p>\r\n\r\n<p><strong>* Đặc điểm sử dụng</strong></p>\r\n\r\n<p>- Được sử dụng l&agrave;m <a href=\"http://vitduct.com.vn/ag==/cua-gio\">cửa gi&oacute;</a> hồi</p>\r\n\r\n<p>- Được lắp đặt tr&ecirc;n trần giả hoặc lắp trực tiếp tr&ecirc;n đường ống.</p>\r\n\r\n<p>- C&oacute; gắn k&egrave;m theo&nbsp;lưới lọc bụi ( th&ecirc;m k&yacute; hiệu F) hoặc kh&ocirc;ng c&oacute; lưới lọc bụi ( kh&ocirc;ng c&oacute; k&yacute; hiệu F), đặc biệt l&agrave; cửa c&oacute; cơ cấu bản lề rất thuận tiện cho việc vệ sinh lưới định lỳ hoặc kh&ocirc;ng bao gồm bản lề...</p>\r\n\r\n<p>- C&aacute;c c&aacute;nh c&oacute; thể l&agrave;m bằng nan thẳng hoặc nan cong, điều ch&igrave;nh với g&oacute;c độ t&ugrave;y theo y&ecirc;u cầu sử dụng.</p>\r\n\r\n<p><strong>* Vật liệu v&agrave; m&agrave;u sắc&nbsp;</strong></p>\r\n\r\n<p>- Khung được l&agrave;m từ nh&ocirc;m định h&igrave;nh d&agrave;y , tr&ecirc;n c&oacute; g&acirc;n tăng cứng v&agrave; ke g&oacute;c để tạo g&oacute;c vu&ocirc;ng cho to&agrave;n bộ cửa.</p>\r\n\r\n<p>- C&aacute;nh được l&agrave;m từ nh&ocirc;m định h&igrave;nh</p>\r\n\r\n<p>- Được sơn bằng d&acirc;y chuyền sơn tĩnh điện m&agrave;u sắc, hoặc m&agrave;u sắc kh&aacute;c theo y&ecirc;u cầu của Kh&aacute;ch h&agrave;ng.</p>\r\n\r\n<p>- Lưới lọc bụi được l&agrave;m từ vật li&ecirc;u lọc bụi chuy&ecirc;n dụng, hiện quả lọc cao.</p>\r\n\r\n<p><img alt=\"\" src=\"http://vitduct.com.vn/storage/app/public/uploads/images/cua-gio-hoi-nan-thang-co-luoi-loc-bui_result.jpg\" style=\"height:903px; width:993px\" /></p>\r\n\r\n<p><img alt=\"\" src=\"http://vitduct.com.vn/storage/app/public/uploads/images/cua-gio-hoi-nan-thang-co-luoi-loc-bui-1_result.jpg\" style=\"height:1200px; width:969px\" /></p>\r\n\r\n<p>&nbsp;</p>\r\n\r\n<p>&nbsp;</p>\r\n\r\n<p>&nbsp;</p>', 0, 0, 1, 1, 5, 4, 1, '0', '2016-04-11 17:10:11', '2019-12-13 02:55:42'),
(29, 'Cửa gió kiểu khe Slot: V-SLD', 'Cửa gió cấp, hồi dạng Slot', '<h2>Cửa gi&oacute; kiểu khe Slot: V-SLD</h2>\r\n\r\n<p><img alt=\"\" src=\"http://vitduct.com.vn/storage/app/public/uploads/images/cua-gio-kieu-khe-slot-2_result.jpg\" style=\"height:194px; width:800px\" /></p>\r\n\r\n<p><strong>* Đặc điểm sử dụng:</strong></p>\r\n\r\n<p>- Cửa gi&oacute; dạng khe hẹp của VITDUCT được thiết kế đặc biệt cho c&ocirc;ng tr&igrave;nh với t&iacute;nh thẩm mỹ cao như sảnh kh&aacute;ch sạn, ph&ograve;ng ngủ cao cấp. Thường được d&ugrave;ng với hệ thống thống gi&oacute; - cấp nhiệt, hệ thống điều h&ograve;a &acirc;m trần nối ống gi&oacute;.</p>\r\n\r\n<p>- Vị tr&iacute; được lắp đặt tr&ecirc;n tường, trần, chiều d&agrave;i tối đa c&oacute; thể l&ecirc;n đến 1,3m, với chiều d&agrave;i lớn hơn sẽ được gh&eacute;p bằng&nbsp;nhiều cửa nối tiếp nhau.</p>\r\n\r\n<p>- Được sử dụng l&agrave;m <a href=\"http://vitduct.com.vn/ag==/cua-gio\"><strong>cửa gi&oacute;</strong></a> cấp, cửa gi&oacute; hồi</p>\r\n\r\n<p>- C&aacute;c c&aacute;nh c&oacute; thể điều ch&igrave;nh lưu lượng gi&oacute; theo nhiều hướng...</p>\r\n\r\n<p>- Sẽ l&agrave; hai hay nhiều đợn gh&eacute;p lại khi k&iacute;ch thước lớn hơn 1200mm.</p>\r\n\r\n<p><strong>* Vật liệu</strong></p>\r\n\r\n<p>- Khung v&agrave; c&aacute;nh&nbsp; được l&agrave;m từ nh&ocirc;m định h&igrave;nh tăng độ cứng.</p>\r\n\r\n<p>- Được sơn&nbsp;tĩnh điện m&agrave;u trắng, m&agrave;u sắc kh&aacute;c theo y&ecirc;u cầu của Kh&aacute;ch h&agrave;ng .</p>\r\n\r\n<p><img alt=\"\" src=\"http://vitduct.com.vn/storage/app/public/uploads/images/cua-gio-kieu-khe-slot_result.jpg\" style=\"height:460px; width:1000px\" /></p>\r\n\r\n<p><img alt=\"\" src=\"http://vitduct.com.vn/storage/app/public/uploads/images/cua-gio-kieu-khe-slot-1_result.jpg\" style=\"height:1200px; width:947px\" /></p>\r\n\r\n<p>&nbsp;</p>\r\n\r\n<p>&nbsp;</p>\r\n\r\n<p>&nbsp;</p>', 0, 0, 1, 1, 5, 4, 1, '0', '2016-04-11 17:15:24', '2019-12-16 00:25:32'),
(30, 'Cửa gió ngoài trời nan Z louver: V-WL_LCCC', 'Cửa gió nan Z chống hắt và chống côn trùng', '<h2>Cửa gi&oacute; ngo&agrave;i trời nan Z louver: V-WL_LCCC</h2>\r\n\r\n<p>&nbsp; &nbsp; &nbsp; &nbsp; &nbsp; &nbsp; &nbsp; &nbsp; &nbsp; &nbsp; &nbsp; &nbsp; &nbsp;&nbsp;<img alt=\"\" src=\"http://vitduct.com.vn/storage/app/public/uploads/images/C%E1%BB%ADa%20gi%C3%B3%20nan%20Z%20k%C3%A8m%20l%C6%B0%E1%BB%9Bi%20ch%E1%BA%AFn%20c%C3%B4n%20tr%C3%B9ng%201_2(1).jpg\" style=\"height:267px; width:400px\" /><img alt=\"\" src=\"http://vitduct.com.vn/storage/app/public/uploads/images/C%E1%BB%ADa%20gi%C3%B3%20nan%20Z%20k%C3%A8m%20l%C6%B0%E1%BB%9Bi%20ch%E1%BA%AFn%20c%C3%B4n%20tr%C3%B9ng%201_1(1).jpg\" style=\"height:267px; width:400px\" /></p>\r\n\r\n<p><strong>* Đặc điểm sử dụng của <a href=\"http://vitduct.com.vn/ag==/cua-gio\">cửa gi&oacute; nan Z</a></strong></p>\r\n\r\n<p><strong>-&nbsp;</strong>Cửa gi&oacute; na Z (louver) của VITDUCT được sử dụng cho hệ th&ocirc;ng cấp gi&oacute; tươi hoặc thải gi&oacute;. N&oacute; c&oacute; thể bao gồm lưới chắn c&ocirc;n tr&ugrave;ng Inox ( sẽ c&oacute; th&ecirc;m k&yacute; hiệu LCCC) nếu kh&ocirc;ng bao gồm lưới chắn c&ocirc;n tr&ugrave;ng Inox ( sẽ kh&ocirc;ng c&oacute; th&ecirc;m k&yacute; hiệu LCCC ), để chống chịu được t&igrave;nh trạng m&ocirc;i trường đặc th&ugrave; của Việt Nam. Với kết cấu khung chắc chắn, đường n&eacute;t mạch lạc v&agrave; thẩm mỹ cao, loại cửa n&agrave;y rất ph&ugrave; hợp với c&aacute;c c&ocirc;ng tr&igrave;nh d&acirc;n dụng v&agrave; c&ocirc;ng tr&igrave;nh c&ocirc;ng nghiệp. Tiếp diện chuyển gi&oacute; xấp xỉ 40% tiết diện cửa.</p>\r\n\r\n<p>- Được sử dụng l&agrave;m cửa gi&oacute; cấp, cửa gi&oacute; hồi khi y&ecirc;u cầu mỹ thuật c&ocirc;ng tr&igrave;nh.</p>\r\n\r\n<p>- Đặc biệt c&oacute; khả năng tr&aacute;nh được nước mưa rất tốt thường được gắn ngo&agrave;i trời.</p>\r\n\r\n<p>- Được lắp tr&ecirc;n tường hoặc trực tiếp tr&ecirc;n đường ống gi&oacute;.</p>\r\n\r\n<p>- C&oacute; thể gắn k&egrave;m theo lười lọc bụi hoặc lưới chắn c&ocirc;n tr&ugrave;ng.</p>\r\n\r\n<p><strong>* Vật liệu v&agrave; m&agrave;u sắc.</strong></p>\r\n\r\n<p>- C&aacute;nh được l&agrave;m từ nh&ocirc;m định h&igrave;nh c&oacute; hết cấu m&oacute;c chắn nước mưa.</p>\r\n\r\n<p>- Khung được l&agrave; từ nh&ocirc;m định h&igrave;nh c&oacute; g&acirc;n tăng cứng v&agrave; gờ tạo khung mỹ thuật cao.</p>\r\n\r\n<p>- Được sơn tĩnh điện m&agrave;u trắng, m&agrave;u sắc kh&aacute;c theo y&ecirc;u cẩu của Kh&aacute;ch h&agrave;ng.</p>\r\n\r\n<p><strong>* Phụ kiệm đi k&egrave;m:</strong></p>\r\n\r\n<p>- Lưới chắn c&ocirc;n tr&ugrave;ng ( nếu kh&aacute;ch h&agrave;ng đặt h&agrave;ng): LCCC</p>\r\n\r\n<p>- Phin lọc bụi th&ocirc; ( nếu kh&aacute;ch h&agrave;ng đặt h&agrave;ng): FS</p>\r\n\r\n<p><img alt=\"\" src=\"http://vitduct.com.vn/storage/app/public/uploads/images/cua-gio-ngoai-troi-nan-Z_result.jpg\" style=\"height:553px; width:1000px\" /></p>\r\n\r\n<p>&nbsp; &nbsp; &nbsp; &nbsp;<img alt=\"\" src=\"http://vitduct.com.vn/storage/app/public/uploads/images/cua-gio-ngoai-troi-nan-Z-1_result.jpg\" style=\"height:1200px; width:873px\" /></p>\r\n\r\n<p>&nbsp;</p>\r\n\r\n<p>&nbsp;</p>', 0, 0, 1, 1, 5, 4, 1, '0', '2016-04-11 17:17:54', '2019-12-16 01:16:21'),
(32, 'Cửa gió kiểu khe nan T: V-LG/T', 'Cửa gió nan thẳng một lớp', '<h2>Cửa gi&oacute; kiểu khe nan T: V-LG/T</h2>\r\n\r\n<p><img alt=\"\" src=\"http://vitduct.com.vn/storage/app/public/uploads/images/C%E1%BB%ADa%20gi%C3%B3%20nan%20T%201_1(1).jpg\" style=\"height:267px; width:400px\" /><img alt=\"\" src=\"http://vitduct.com.vn/storage/app/public/uploads/images/C%E1%BB%ADa%20gi%C3%B3%20nan%20T%201_2(1).jpg\" style=\"height:267px; width:400px\" /></p>\r\n\r\n<p><strong>* Đặc điểm sử dụng:</strong></p>\r\n\r\n<p>- Được sử dụng l&agrave;m cửa gi&oacute; cấp, cửa gi&oacute; hồi.</p>\r\n\r\n<p>- Thường được gắn tr&ecirc;n trần giả hoặc trực tiếp tr&ecirc;n đường ống gi&oacute;.</p>\r\n\r\n<p>- Cửa gi&oacute; dạng khe hẹp của VITDUCT được thiết kế đặc biệt cho c&aacute;c c&ocirc;ng tr&igrave;nh với thẩm mỹ cao như sảnh kh&aacute;ch sạn, ph&ograve;ng ngủ cao cấp. Thường được &aacute;p dụng với hệ thống th&ocirc;ng gi&oacute; - cấp nhiệt, hệ thống điều h&ograve;a &acirc;m trần nối ống gi&oacute;. Vị tr&iacute; lắp đặt tr&ecirc;n tường, trần hoặc s&agrave;n nh&agrave;. Chiều d&agrave;i tối đa của cửa l&agrave; 1,3m, với chiều d&agrave;i lớn hơn, sẽ được gh&eacute;p th&agrave;nh nhiều cửa nối tiếp.</p>\r\n\r\n<p><strong>* Vật liệu v&agrave; m&agrave;u sắc:</strong></p>\r\n\r\n<p>- Khung v&agrave; c&aacute;nh được l&agrave;m từ nh&ocirc;m định h&igrave;nh c&oacute; g&acirc;n tăng cứng va gờ tạo khung mỹ thuật cao.</p>\r\n\r\n<p>- t&ugrave;y theo mỹ thuật c&ocirc;ng tr&igrave;nh để chọn ra cửa c&oacute; kiểu nan th&iacute;ch hợp.</p>\r\n\r\n<p>- Được sơn&nbsp;tĩnh điện m&agrave;u trắng, m&agrave;u sắc kh&aacute;c theo y&ecirc;u cầu của kh&aacute;ch h&agrave;ng.</p>\r\n\r\n<p><img alt=\"\" src=\"http://vitduct.com.vn/storage/app/public/uploads/images/cua-gio-kieu-khe-nan-T_result.jpg\" style=\"height:730px; width:1000px\" /></p>\r\n\r\n<p>&nbsp; &nbsp; &nbsp; &nbsp; &nbsp;<img alt=\"\" src=\"http://vitduct.com.vn/storage/app/public/uploads/images/cua-gio-kieu-khe-nan-T-1_result.jpg\" style=\"height:1200px; width:901px\" /></p>\r\n\r\n<p>&nbsp;</p>\r\n\r\n<p>&nbsp;</p>\r\n\r\n<p>&nbsp;</p>', 0, 0, 1, 1, 5, 4, 1, '0', '2016-04-11 17:21:41', '2019-12-16 01:23:53'),
(33, 'Cửa gió nam thẳng hai lớp ( Nan bầu dục): V-DDG', 'Cửa gió kiểu nan lưới 2 lớp', '<h2>Cửa gi&oacute; nam thẳng hai lớp ( Nan bầu dục): V-DDG</h2>\r\n\r\n<p>&nbsp;</p>\r\n\r\n<p><img alt=\"\" src=\"http://vitduct.com.vn/storage/app/public/uploads/images/C%E1%BB%ADa%20gi%C3%B3%20nan%20b%E1%BA%A7u%20d%E1%BB%A5c%202%20l%E1%BB%9Bp%201_2(2).jpg\" style=\"height:267px; width:400px\" /><img alt=\"\" src=\"http://vitduct.com.vn/storage/app/public/uploads/images/C%E1%BB%ADa%20gi%C3%B3%20nan%20b%E1%BA%A7u%20d%E1%BB%A5c%202%20l%E1%BB%9Bp%201_1(2).jpg\" style=\"height:267px; width:400px\" /></p>\r\n\r\n<p><big><strong>* Đặc điểm sử dụng</strong></big></p>\r\n\r\n<p><big>- Được sử dụng l&agrave;m cửa gi&oacute; cấp, cửa gi&oacute; hồi c&oacute; k&iacute;ch thước lớn</big></p>\r\n\r\n<p><big>- Nam bầu dục c&oacute; thể điều chỉnh hướng gi&oacute; theo y&ecirc;u cầu.</big></p>\r\n\r\n<p><big>- Loại cừa n&agrave;y thường được lắp tr&ecirc;n trần, v&aacute;ch tường hoặc lắp trực tiếp v&agrave;o ống gi&oacute;. Ch&uacute;ng t&ocirc;i c&oacute; hai loại cửa gi&oacute; nam bầu dục v&agrave; nan cong.</big></p>\r\n\r\n<p>&nbsp;</p>\r\n\r\n<p><big><strong>* Vật liệu v&agrave; m&agrave;u sắc:</strong></big></p>\r\n\r\n<p><big>- Khung v&agrave; c&aacute;nh&nbsp;được l&agrave;m từ nh&ocirc;m định h&igrave;nh, tr&ecirc;n c&oacute; g&acirc;n tăng cứng v&agrave; gờ tạo khung thẩm mỹ cao.</big></p>\r\n\r\n<p><big>- Được sơn bằng d&acirc;y chuyền sơn tĩnh điện, m&agrave;u sắc kh&aacute;c theo y&ecirc;u cầu của Kh&aacute;ch h&agrave;ng</big>.</p>\r\n\r\n<p><img alt=\"\" src=\"http://vitduct.com.vn/storage/app/public/uploads/images/cua-nan-gio-thang-2-lop_result.jpg\" style=\"height:941px; width:971px\" /></p>\r\n\r\n<p><img alt=\"\" src=\"http://vitduct.com.vn/storage/app/public/uploads/images/cua-nan-gio-thang-2-lop-1_result.jpg\" style=\"height:814px; width:1000px\" /></p>\r\n\r\n<p><img alt=\"\" src=\"http://vitduct.com.vn/storage/app/public/uploads/images/cua-nan-gio-thang-2-lop-2_result.jpg\" style=\"height:477px; width:1000px\" /></p>\r\n\r\n<p>&nbsp;</p>\r\n\r\n<p>&nbsp;</p>\r\n\r\n<p>&nbsp;</p>', 0, 0, 1, 1, 5, 4, 1, '0', '2016-04-11 17:23:11', '2019-12-13 02:50:19'),
(34, 'Cửa gió kiểu hộp', 'Cửa gió kiểu hộp gắn trần', '<p>&nbsp;</p>\r\n\r\n<p><img alt=\"\" src=\"http://vitduct.com.vn/storage/app/public/uploads/images/2368Hop.jpg\" style=\"height:188px; width:268px\" /></p>\r\n\r\n<p><strong>* Đặc điểm sử dụng</strong></p>\r\n\r\n<p>- Được sử dụng l&agrave;m cửa gi&oacute; cấp, cửa gi&oacute; hồi</p>\r\n\r\n<p>- Th&iacute;ch hợp lắp đặt với tất cả c&aacute;c loại trần giả</p>\r\n\r\n<p>- Khung v&agrave; l&otilde;i ri&ecirc;ng biệt, dễ d&agrave;ng th&aacute;o lắp v&agrave; bảo tr&igrave;</p>\r\n\r\n<p>- C&oacute; thể l&agrave; h&igrave;nh vu&ocirc;ng hoặc h&igrave;nh chữ nhật, t&ugrave;y v&agrave;o thiết kế. T&ugrave;y vị tr&iacute; lắp đặt c&oacute; thể chọn loại thổi 2 hoặc 4 hướng thổi.</p>\r\n\r\n<p><strong>* Vật liệu</strong></p>\r\n\r\n<p>- Khung được l&agrave;m từ Nh&ocirc;m định h&igrave;nh, tr&ecirc;n c&oacute; g&acirc;n tăng cứng v&agrave; ke g&oacute;c để tạo g&oacute;c vu&ocirc;ng cho to&agrave;n bộ cửa.</p>\r\n\r\n<p>- C&aacute;nh được l&agrave;m từ Nh&ocirc;m định h&igrave;nh, tr&ecirc;n c&aacute;nh c&oacute; g&acirc;n trợ lực để tăng cứng.</p>\r\n\r\n<p>- Được sơn bằng d&acirc;y chuyền sơn tĩnh điện theo c&ocirc;ng nghệ H&agrave;n Quốc v&agrave; Nhật Bản. M&agrave;u sắc đa dạng.</p>\r\n\r\n<p>&nbsp;</p>\r\n\r\n<p>&nbsp;</p>\r\n\r\n<p>&nbsp;</p>', 0, 0, 1, 1, 5, 4, 1, '0', '2016-04-11 17:24:39', '2019-07-13 01:18:59'),
(35, 'Cửa gió tròn: V-RD', 'Cửa gió tròn gắn trần', '<h2>Cửa gi&oacute; tr&ograve;n: V-RD</h2>\r\n\r\n<p><img alt=\"\" src=\"http://vitduct.com.vn/storage/app/public/uploads/images/420Cua%20gio%20tron.jpg\" style=\"height:200px; width:200px\" /></p>\r\n\r\n<p><strong>* Đặc điểm sử dụng</strong></p>\r\n\r\n<p>- Được sử dụng l&agrave;m cửa gi&oacute; cấp, cửa gi&oacute; hồi</p>\r\n\r\n<p>- C&oacute; thể gắn k&egrave;m với van VCD hoặc c&oacute; thể gắn trực tiếp trần đảm bảo t&iacute;nh thẩm mỹ cao.</p>\r\n\r\n<p>- Loại cửa n&agrave;y được sử dụng cho hệ thống cấp nhiệt, th&ocirc;ng gi&oacute; v&agrave; điều h&ograve;a. Gi&oacute; được l&agrave;n tỏa theo luồng tr&ograve;n song song đảm bảo giảm thiểu tổn thất lưu lượng v&agrave; &aacute;p suất. Phần l&otilde;i cửa c&oacute; thể dễ d&agrave;ng th&aacute;o rời cho việc vệ sinh v&igrave; n&oacute; kết nối với v&agrave;nh cửa bời một trục v&iacute;t ở trung t&acirc;m cửa.</p>\r\n\r\n<p><strong>* Vật liệu</strong></p>\r\n\r\n<p>- Khung v&agrave; c&aacute;nh&nbsp; được l&agrave;m từ nh&ocirc;m định h&igrave;nh hoặc th&eacute;p.</p>\r\n\r\n<p>- Được sơn&nbsp;tĩnh điện m&agrave;u trắng, m&agrave;u sắc kh&aacute;c theo y&ecirc;u cầu của Kh&aacute;ch h&agrave;ng .</p>\r\n\r\n<p><img alt=\"\" src=\"http://vitduct.com.vn/storage/app/public/uploads/images/cua-gio-tron_result.jpg\" style=\"height:300px; width:1000px\" /></p>\r\n\r\n<p><img alt=\"\" src=\"http://vitduct.com.vn/storage/app/public/uploads/images/cua-gio-tron-1_result.jpg\" style=\"height:758px; width:1000px\" /></p>\r\n\r\n<p>&nbsp;</p>\r\n\r\n<p>&nbsp;</p>\r\n\r\n<p>&nbsp;</p>', 0, 0, 1, 1, 5, 4, 1, '0', '2016-04-11 17:27:58', '2019-12-16 01:03:32');
INSERT INTO `posts` (`id`, `title`, `description`, `content`, `viewed`, `votes`, `parent`, `type`, `categorieID`, `userID`, `sttesign`, `price`, `created_at`, `updated_at`) VALUES
(37, 'Model CT1- Loại treo trần', 'Lò xo chống rung và giảm chấn Model CT1:50s', '<p><img alt=\"lò xo chống rung\" src=\"http://vitduct.com.vn/storage/app/public/uploads/images/CT1_1.jpg\" style=\"height:500px; width:500px\" /></p>\r\n\r\n<p><strong>* Đặc điểm sử dụng của <a href=\"http://vitduct.com.vn/Z2c=/lo-xo-chong-rung-va-giam-chan\">l&ograve; xo chống rung</a>&nbsp;</strong></p>\r\n\r\n<p>- Được sử dụng l&agrave;m bộ giảm chấn, chống rung cho: Quạt gi&oacute; (FAN), AHU,CHILLER, M&Aacute;Y BƠM, M&Aacute;Y PH&Aacute;T ...</p>\r\n\r\n<p>- Khung v&agrave; l&otilde;i ri&ecirc;ng biệt, dễ d&agrave;ng th&aacute;o lắp v&agrave; bảo tr&igrave;</p>\r\n\r\n<p>- D&ograve;ng sản phẩm CT1 c&oacute; rất nhiều Model với dải trọng lượng ph&ugrave; hợp với c&aacute;c mọi nhu cầu kh&aacute;c nhau:</p>\r\n\r\n<p>&nbsp;</p>\r\n\r\n<table>\r\n	<tbody>\r\n		<tr>\r\n			<td style=\"text-align:center\">STT/No.</td>\r\n			<td style=\"text-align:center\">M&atilde; h&agrave;ng/ Model</td>\r\n			<td style=\"text-align:center\">Tải trọng/ Load (kg)</td>\r\n			<td style=\"text-align:center\">SL/ Q.Ty</td>\r\n			<td style=\"text-align:center\">ĐV/ Unit</td>\r\n			<td style=\"text-align:center\">Đơn gi&aacute; / Cost</td>\r\n		</tr>\r\n		<tr>\r\n			<td style=\"text-align:center\">1</td>\r\n			<td style=\"text-align:center\">CT1:10</td>\r\n			<td style=\"text-align:center\">5 &divide; 10</td>\r\n			<td style=\"text-align:center\">01</td>\r\n			<td style=\"text-align:center\">C&aacute;i / Pcs</td>\r\n			<td style=\"text-align:center\">154,816</td>\r\n		</tr>\r\n		<tr>\r\n			<td style=\"text-align:center\">2</td>\r\n			<td style=\"text-align:center\">CT1:20</td>\r\n			<td style=\"text-align:center\">10 &divide; 25</td>\r\n			<td style=\"text-align:center\">01</td>\r\n			<td style=\"text-align:center\">C&aacute;i / Pcs</td>\r\n			<td style=\"text-align:center\">167,796</td>\r\n		</tr>\r\n		<tr>\r\n			<td style=\"text-align:center\">3</td>\r\n			<td style=\"text-align:center\">CT1:50</td>\r\n			<td style=\"text-align:center\">25 &divide; 125</td>\r\n			<td style=\"text-align:center\">01</td>\r\n			<td style=\"text-align:center\">C&aacute;i / Pcs</td>\r\n			<td style=\"text-align:center\">187,384</td>\r\n		</tr>\r\n		<tr>\r\n			<td style=\"text-align:center\">4</td>\r\n			<td style=\"text-align:center\">CT1:150</td>\r\n			<td style=\"text-align:center\">125 &divide; 250</td>\r\n			<td style=\"text-align:center\">01</td>\r\n			<td style=\"text-align:center\">C&aacute;i / Pcs</td>\r\n			<td style=\"text-align:center\">266,236</td>\r\n		</tr>\r\n		<tr>\r\n			<td style=\"text-align:center\">5</td>\r\n			<td style=\"text-align:center\">CT1:350</td>\r\n			<td style=\"text-align:center\">250 &divide; 500</td>\r\n			<td style=\"text-align:center\">01</td>\r\n			<td style=\"text-align:center\">C&aacute;i / Pcs</td>\r\n			<td style=\"text-align:center\">310,800</td>\r\n		</tr>\r\n		<tr>\r\n			<td style=\"text-align:center\">6</td>\r\n			<td style=\"text-align:center\">CT1:600</td>\r\n			<td style=\"text-align:center\">500 &divide; 700</td>\r\n			<td style=\"text-align:center\">01</td>\r\n			<td style=\"text-align:center\">C&aacute;i / Pcs</td>\r\n			<td style=\"text-align:center\">424,000</td>\r\n		</tr>\r\n	</tbody>\r\n</table>\r\n\r\n<p><strong>* Vật liệu</strong><br />\r\n- Khung được l&agrave;m từ th&eacute;p &nbsp;c&oacute; cường độ cao, chịu lực lớn để giảm chấn v&agrave; chống rung.</p>\r\n\r\n<p>- Được sơn (hoặc mạ kẽm) bằng d&acirc;y chuyền sơn tĩnh điện theo c&ocirc;ng nghệ H&agrave;n Quốc v&agrave; Nhật Bản.&nbsp;</p>\r\n\r\n<p>-&nbsp;Th&ocirc;ng số kỹ thuật, hướng dẫn sử dụng v&agrave; đặc t&iacute;nh lực chi tiết xin vui l&ograve;ng xem trong mục:</p>\r\n\r\n<p>&nbsp; &nbsp;<strong>&nbsp;Dowload t&agrave;i liệu:</strong>&nbsp;<strong><a href=\"https://drive.google.com/file/d/1nzrcrQ7glcAx_aAZqwAoAYPJNhyU8qF5/view\">Catalogue sản phẩm</a></strong>:&nbsp;<strong>Catalogue L&ograve; xo chống rung giảm chấn.</strong></p>\r\n\r\n<p>-&nbsp;Bảng gi&aacute; sản phẩm chi tiết xin vui l&ograve;ng xem trong mục:</p>\r\n\r\n<p>&nbsp;<strong>&nbsp; &nbsp;Dowload t&agrave;i liệu:</strong>&nbsp;<a href=\"https://drive.google.com/file/d/1aUIWgz7GCwoBPofDEd3oMdGsb5aPWCr7/view\"><strong>Bảng gi&aacute; sản phẩm</strong></a>:<strong>&nbsp;Bảng gi&aacute;&nbsp;L&ograve; xo chống rung giảm chấn.</strong></p>\r\n\r\n<p>&nbsp;</p>\r\n\r\n<p>&nbsp;</p>\r\n\r\n<p>&nbsp;</p>\r\n\r\n<p>&nbsp;</p>', 0, 0, 1, 1, 20, 4, 1, '0', '2016-04-11 18:40:10', '2019-05-19 20:59:31'),
(40, 'Model DS1 - Loại đặt sàn', 'VITTECH LÒ XO CHỐNG RUNG GIẢM CHẤN DS1 ', '<p><img alt=\"\" src=\"http://vitduct.com.vn/storage/app/public/uploads/images/DS1_1.jpg\" style=\"height:500px; width:500px\" /></p>\r\n\r\n<p><strong>* Đặc điểm sử dụng <a href=\"http://vitduct.com.vn/Z2c=/lo-xo-chong-rung-va-giam-chan\">l&ograve; xo chống rung</a> model DS1 - Loại đặt s&agrave;n:</strong></p>\r\n\r\n<p>- Được sử dụng l&agrave;m bộ giảm chấn, chống rung cho: Quạt gi&oacute; (FAN), AHU,CHILLER, M&Aacute;Y BƠM, M&Aacute;Y PH&Aacute;T ...</p>\r\n\r\n<p>- Khung v&agrave; l&otilde;i ri&ecirc;ng biệt, dễ d&agrave;ng th&aacute;o lắp v&agrave; bảo tr&igrave;</p>\r\n\r\n<p>- D&ograve;ng sản phẩm DS1 c&oacute; rất nhiều Model với dải trọng lượng ph&ugrave; hợp với c&aacute;c mọi nhu cầu kh&aacute;c nhau:</p>\r\n\r\n<table>\r\n	<tbody>\r\n		<tr>\r\n			<td style=\"text-align:center\">STT/No.</td>\r\n			<td style=\"text-align:center\">M&atilde; h&agrave;ng/ Model</td>\r\n			<td style=\"text-align:center\">Tải trọng/ Load (kg)</td>\r\n			<td style=\"text-align:center\">SL/ Q.Ty</td>\r\n			<td style=\"text-align:center\">ĐV/ Unit</td>\r\n			<td style=\"text-align:center\">Đơn gi&aacute; / Cost</td>\r\n		</tr>\r\n		<tr>\r\n			<td style=\"text-align:center\">1</td>\r\n			<td style=\"text-align:center\">DS1:10</td>\r\n			<td style=\"text-align:center\">5 &divide; 10</td>\r\n			<td style=\"text-align:center\">01</td>\r\n			<td style=\"text-align:center\">C&aacute;i / Pcs</td>\r\n			<td style=\"text-align:center\">143,016</td>\r\n		</tr>\r\n		<tr>\r\n			<td style=\"text-align:center\">2</td>\r\n			<td style=\"text-align:center\">DS1:20</td>\r\n			<td style=\"text-align:center\">10 &divide; 25</td>\r\n			<td style=\"text-align:center\">01</td>\r\n			<td style=\"text-align:center\">C&aacute;i / Pcs</td>\r\n			<td style=\"text-align:center\">155,996</td>\r\n		</tr>\r\n		<tr>\r\n			<td style=\"text-align:center\">3</td>\r\n			<td style=\"text-align:center\">DS1:50</td>\r\n			<td style=\"text-align:center\">25 &divide; 125</td>\r\n			<td style=\"text-align:center\">01</td>\r\n			<td style=\"text-align:center\">C&aacute;i / Pcs</td>\r\n			<td style=\"text-align:center\">199,184</td>\r\n		</tr>\r\n		<tr>\r\n			<td style=\"text-align:center\">4</td>\r\n			<td style=\"text-align:center\">DS1:150</td>\r\n			<td style=\"text-align:center\">125 &divide; 250</td>\r\n			<td style=\"text-align:center\">01</td>\r\n			<td style=\"text-align:center\">C&aacute;i / Pcs</td>\r\n			<td style=\"text-align:center\">248,036</td>\r\n		</tr>\r\n		<tr>\r\n			<td style=\"text-align:center\">5</td>\r\n			<td style=\"text-align:center\">DS1:350</td>\r\n			<td style=\"text-align:center\">250 &divide; 500</td>\r\n			<td style=\"text-align:center\">01</td>\r\n			<td style=\"text-align:center\">C&aacute;i / Pcs</td>\r\n			<td style=\"text-align:center\">290,800</td>\r\n		</tr>\r\n		<tr>\r\n			<td style=\"text-align:center\">6</td>\r\n			<td style=\"text-align:center\">DS1:600</td>\r\n			<td style=\"text-align:center\">500 &divide; 700</td>\r\n			<td style=\"text-align:center\">01</td>\r\n			<td style=\"text-align:center\">C&aacute;i / Pcs</td>\r\n			<td style=\"text-align:center\">320,000</td>\r\n		</tr>\r\n	</tbody>\r\n</table>\r\n\r\n<p><strong>* Vật liệu</strong><br />\r\n- Khung được l&agrave;m từ th&eacute;p &nbsp;c&oacute; cường độ cao, chịu lực lớn để giảm chấn v&agrave; chống rung.</p>\r\n\r\n<p>- Được sơn (hoặc mạ kẽm) bằng d&acirc;y chuyền sơn tĩnh điện theo c&ocirc;ng nghệ H&agrave;n Quốc v&agrave; Nhật Bản.&nbsp;</p>\r\n\r\n<p>-&nbsp;Th&ocirc;ng số kỹ thuật, hướng dẫn sử dụng v&agrave; đặc t&iacute;nh lực chi tiết xin vui l&ograve;ng xem trong mục:</p>\r\n\r\n<p>&nbsp; &nbsp;<strong>&nbsp;Dowload t&agrave;i liệu:</strong>&nbsp;<a href=\"https://drive.google.com/file/d/1nzrcrQ7glcAx_aAZqwAoAYPJNhyU8qF5/view\"><strong>Catalogue sản phẩm</strong></a>:&nbsp;<strong>Catalogue L&ograve; xo chống rung giảm chấn</strong></p>\r\n\r\n<p>-&nbsp;Bảng gi&aacute; sản phẩm chi tiết xin vui l&ograve;ng xem trong mục:</p>\r\n\r\n<p>&nbsp; &nbsp;<strong>&nbsp;Dowload t&agrave;i liệu:</strong>&nbsp;<a href=\"https://drive.google.com/file/d/1aUIWgz7GCwoBPofDEd3oMdGsb5aPWCr7/view\"><strong>Bảng gi&aacute; sản phẩm</strong></a>:<strong> Bảng gi&aacute;&nbsp;L&ograve; xo chống rung giảm chấn</strong></p>\r\n\r\n<p>&nbsp;</p>\r\n\r\n<p>&nbsp;</p>\r\n\r\n<p>&nbsp;</p>\r\n\r\n<p>&nbsp;</p>', 0, 0, 1, 1, 20, 4, 1, '0', '2016-04-11 21:14:51', '2019-05-19 20:59:54'),
(41, 'Model DSB1-Loại đặt sàn', 'VITTECH LO SO CHỐNG RUNG GIẢM CHẤN..', '<p><img alt=\"\" src=\"http://vitduct.com.vn/storage/app/public/uploads/images/DSB1_1.jpg\" style=\"height:500px; width:500px\" /></p>\r\n\r\n<p><strong>* Đặc điểm sử dụng <a href=\"http://vitduct.com.vn/Z2c=/lo-xo-chong-rung-va-giam-chan\">l&ograve; xo chống rung</a> model DSB1 - Loại đặt s&agrave;n:</strong></p>\r\n\r\n<p>- Được sử dụng l&agrave;m bộ giảm chấn, chống rung cho: Quạt gi&oacute; (FAN), AHU,CHILLER, M&Aacute;Y BƠM, M&Aacute;Y PH&Aacute;T ...</p>\r\n\r\n<p>- Khung v&agrave; l&otilde;i ri&ecirc;ng biệt, dễ d&agrave;ng th&aacute;o lắp v&agrave; bảo tr&igrave;</p>\r\n\r\n<p>- D&ograve;ng sản phẩm DSB1 c&oacute; rất nhiều Model với dải trọng lượng ph&ugrave; hợp với c&aacute;c mọi nhu cầu kh&aacute;c nhau:</p>\r\n\r\n<table>\r\n	<tbody>\r\n		<tr>\r\n			<td style=\"text-align:center\">STT/No.</td>\r\n			<td style=\"text-align:center\">M&atilde; h&agrave;ng/ Model</td>\r\n			<td style=\"text-align:center\">Tải trọng/ Load (kg)</td>\r\n			<td style=\"text-align:center\">SL/ Q.Ty</td>\r\n			<td style=\"text-align:center\">ĐV/ Unit</td>\r\n			<td style=\"text-align:center\">Đơn gi&aacute; / Cost</td>\r\n		</tr>\r\n		<tr>\r\n			<td style=\"text-align:center\">1</td>\r\n			<td style=\"text-align:center\">DSB1:350</td>\r\n			<td style=\"text-align:center\">250 &divide; 500</td>\r\n			<td style=\"text-align:center\">01</td>\r\n			<td style=\"text-align:center\">C&aacute;i / Pcs</td>\r\n			<td style=\"text-align:center\">453,824</td>\r\n		</tr>\r\n		<tr>\r\n			<td style=\"text-align:center\">2</td>\r\n			<td style=\"text-align:center\">DSB1:600</td>\r\n			<td style=\"text-align:center\">500 &divide; 800</td>\r\n			<td style=\"text-align:center\">01</td>\r\n			<td style=\"text-align:center\">C&aacute;i / Pcs</td>\r\n			<td style=\"text-align:center\">571,200</td>\r\n		</tr>\r\n		<tr>\r\n			<td style=\"text-align:center\">3</td>\r\n			<td style=\"text-align:center\">DSB1:1000</td>\r\n			<td style=\"text-align:center\">800 &divide; 1200</td>\r\n			<td style=\"text-align:center\">01</td>\r\n			<td style=\"text-align:center\">C&aacute;i / Pcs</td>\r\n			<td style=\"text-align:center\">917,440</td>\r\n		</tr>\r\n		<tr>\r\n			<td style=\"text-align:center\">4</td>\r\n			<td style=\"text-align:center\">DSB1:1400</td>\r\n			<td style=\"text-align:center\">1200 &divide; 1700</td>\r\n			<td style=\"text-align:center\">01</td>\r\n			<td style=\"text-align:center\">C&aacute;i / Pcs</td>\r\n			<td style=\"text-align:center\">1,037,000</td>\r\n		</tr>\r\n		<tr>\r\n			<td style=\"text-align:center\">5</td>\r\n			<td style=\"text-align:center\">DSB1:2000</td>\r\n			<td style=\"text-align:center\">1700 &divide; 2400</td>\r\n			<td style=\"text-align:center\">01</td>\r\n			<td style=\"text-align:center\">C&aacute;i / Pcs</td>\r\n			<td style=\"text-align:center\">1,110,200</td>\r\n		</tr>\r\n	</tbody>\r\n</table>\r\n\r\n<p><strong>* Vật liệu</strong><br />\r\n- Khung được l&agrave;m từ th&eacute;p &nbsp;c&oacute; cường độ cao, chịu lực lớn để giảm chấn v&agrave; chống rung.</p>\r\n\r\n<p>- Được sơn (hoặc mạ kẽm) bằng d&acirc;y chuyền sơn tĩnh điện theo c&ocirc;ng nghệ H&agrave;n Quốc v&agrave; Nhật Bản.&nbsp;</p>\r\n\r\n<p>-&nbsp;Th&ocirc;ng số kỹ thuật, hướng dẫn sử dụng v&agrave; đặc t&iacute;nh lực chi tiết xin vui l&ograve;ng xem trong mục:</p>\r\n\r\n<p>&nbsp; &nbsp;<strong> Dowload t&agrave;i liệu:</strong>&nbsp;<a href=\"https://drive.google.com/file/d/1nzrcrQ7glcAx_aAZqwAoAYPJNhyU8qF5/view\"><strong>Catalogue sản phẩm</strong></a>:&nbsp;<strong>Catalogue L&ograve; xo chống rung giảm chấn</strong></p>\r\n\r\n<p>-&nbsp;Bảng gi&aacute; sản phẩm chi tiết xin vui l&ograve;ng xem trong mục:</p>\r\n\r\n<p>&nbsp; &nbsp;&nbsp;Dowload t&agrave;i liệu:&nbsp;<strong><a href=\"https://drive.google.com/file/d/1aUIWgz7GCwoBPofDEd3oMdGsb5aPWCr7/view\">Bảng gi&aacute; sản phẩm</a></strong>: Bảng gi&aacute;&nbsp;L&ograve; xo chống rung giảm chấn</p>\r\n\r\n<p>&nbsp;</p>\r\n\r\n<p>&nbsp;</p>\r\n\r\n<p>&nbsp;</p>', 0, 0, 1, 1, 20, 4, 1, '0', '2016-04-11 21:38:51', '2019-05-19 21:00:15'),
(43, 'MỘT SỐ HÌNH ẢNH THI CÔNG DỰ ÁN LỌC HÓA DẦU NGHI SƠN', 'HÌNH ANH THI CÔNG LỌC HÓA DẦU NGHI SƠN', '<p></p><p><p><img src=\"http://vitduct.com.vn/uploads/0416/6401IMG_1359[1].jpg\"></p><img src=\"http://vitduct.com.vn/uploads/0416/6465IMG_0899[1].jpg\"></p><p><img src=\"http://vitduct.com.vn/uploads/0416/5808IMG_0948[1].jpg\"></p><p><img src=\"http://vitduct.com.vn/uploads/0416/2008IMG_1349[1].jpg\"></p><p><img src=\"http://vitduct.com.vn/uploads/0416/5576IMG_1350[1].jpg\"></p><br><p></p>\r\n', 0, 0, 18, 6, 21, 1, 1, '0', '2016-04-12 21:29:33', '2016-04-13 00:08:20'),
(45, 'Van chữ nhật điều chỉnh lưu lượng loại tay gạt: V-VCD/R/H', 'Van điều chỉnh lưu lượng vuông (VD)', '<h1>&nbsp; Van chữ nhật điều chỉnh lưu lượng loại tay gạt: V-VCD/R/H&nbsp; &nbsp; &nbsp;</h1>\r\n\r\n<p>&nbsp;&nbsp;<img alt=\"\" src=\"http://vitduct.com.vn/storage/app/public/uploads/images/Van%20VCD%20vu%C3%B4ng%20lo%E1%BA%A1i%201%20l%C3%A1%201_2.jpg\" style=\"height:267px; width:400px\" />&nbsp; &nbsp;&nbsp;&nbsp; &nbsp; &nbsp; &nbsp; &nbsp;<img alt=\"\" src=\"http://vitduct.com.vn/storage/app/public/uploads/images/Van%20VCD%20vu%C3%B4ng%20lo%E1%BA%A1i%201%20l%C3%A1%201_1.jpg\" style=\"height:267px; width:400px\" /></p>\r\n\r\n<p><strong><big>* Đặc điểm sử dụng:</big></strong></p>\r\n\r\n<ul>\r\n	<li><big>D&ugrave;ng&nbsp;để điều chỉnh lưu lượng gi&oacute; cấp v&agrave; gi&oacute; hồi.</big></li>\r\n	<li><big>Được&nbsp;lắp trực tiếp tr&ecirc;n đường ống cấp hoặc ống hồi ph&iacute;a sau hộp g&oacute;p gi&oacute;.</big></li>\r\n	<li><big>Việc điều chỉnh g&oacute;c mở của c&aacute;nh van được thực hiện bằng tay qua&nbsp;trục v&iacute;t,</big>&nbsp;<big>hoặc điều chỉnh tự động bằng loại van gắn động cơ.</big></li>\r\n</ul>\r\n\r\n<p><big><strong>* Vật liệu m&agrave;u sắc:</strong></big></p>\r\n\r\n<ul>\r\n	<li><big>Được l&agrave;m bằng t&ocirc;n mạ kẽm hoặc inox.</big></li>\r\n	<li><big>Tay van c&oacute; thể l&agrave;m bằng nhựa,tay b&aacute;nh v&iacute;t hoặc tay gạt.</big></li>\r\n	<li><big>Rất dễ d&agrave;ng cho việc điều chỉnh lưu lượng gi&oacute; cấp v&agrave; gi&oacute; hồi</big></li>\r\n	<li><big>Tay van: Tay gạt.</big></li>\r\n</ul>\r\n\r\n<p><img alt=\"\" src=\"http://vitduct.com.vn/storage/app/public/uploads/images/Van-chu-nhat-dieu-chinh-luu-luong-lo%E1%BA%A1i-tay-gat_result.jpg\" style=\"height:746px; width:1000px\" /></p>\r\n\r\n<p><img alt=\"\" src=\"http://vitduct.com.vn/storage/app/public/uploads/images/Van-chu-nhat-dieu-chinh-luu-luong-lo%E1%BA%A1i-tay-gat-1_result.jpg\" style=\"height:570px; width:1000px\" /></p>\r\n\r\n<p>&nbsp;</p>', 0, 0, 1, 1, 7, 4, 1, '0', '2016-04-13 19:53:23', '2019-11-04 00:07:03'),
(46, 'Van tròn dập lửa cầu chì nhiệt : V-FD/C', 'Van dập lửa tròn (FD)....', '<h2>Van tr&ograve;n dập lửa cầu ch&igrave; nhiệt : V-FD/C</h2>\r\n\r\n<p><img alt=\"\" src=\"http://vitduct.com.vn/storage/app/public/uploads/images/FD%20tr%C3%B2n%201_2(1).jpg\" style=\"height:267px; width:400px\" /><img alt=\"\" src=\"http://vitduct.com.vn/storage/app/public/uploads/images/FD%20tr%C3%B2n%201_1.jpg\" style=\"height:267px; width:400px\" /></p>\r\n\r\n<p><span dir=\"ltr\"><big><strong>* Đặc điểm sử dụng:</strong><br />\r\n- Van dập lửa được sử dụng tr&ecirc;n hệ thống ống gi&oacute;.</big></span></p>\r\n\r\n<p><span dir=\"ltr\"><big>- Van dập lửa cầu ch&igrave; : Sử dụng cầu ch&igrave; nhiệt dập lửa n&oacute;ng chảy ở 70-75 độ C để thực hiện đ&oacute;ng ngắt, khi xảy ra ch&aacute;y cầu ch&igrave; n&oacute;ng chảy c&aacute;nh van sẽ được đ&oacute;ng lại v&agrave; giữchặt bằng l&ograve; xo để ngăn lửa, kh&oacute;i Ian sang khu vực kh&aacute;c.</big></span></p>\r\n\r\n<p><span dir=\"ltr\"><big>- Ngăn chặn hoả hoạn kịp thời trong hệ thống ống gi&oacute; điều ho&agrave; kh&ocirc;ng kh&iacute; hoặc th&ocirc;ng gi&oacute; cho c&aacute;c c&ocirc;ng tr&igrave;nh nhờ sợi d&acirc;y ch&igrave; đặc biệt.</big></span></p>\r\n\r\n<p><span dir=\"ltr\"><big>- Ch&uacute;ng c&oacute; khả năng ngăn kh&oacute;i v&agrave; chống lan truyền ch&aacute;y theo hệ thống ống gi&oacute; trong c&aacute;c c&ocirc;ng tr&igrave;nh.</big></span></p>\r\n\r\n<p><span dir=\"ltr\"><big>- Khuyến nghị&nbsp;n&ecirc;n lắp van tr&ecirc;n đường ống gi&oacute; v&agrave;o vị tr&iacute; c&oacute; tường hoặc v&aacute;ch ngăn giữa c&aacute;c khu vực cần ngăn ch&aacute;y để&nbsp;đảm bảo y&ecirc;u cầu kỹ thuật tốt hơn.</big></span></p>\r\n\r\n<p><span dir=\"ltr\"><big><strong>* Vậtliệu m&agrave;u sắc:</strong><br />\r\n- Được chế tạo từ vật liệu t&ocirc;n mạ kẽm hoặc inox</big>.</span><br />\r\n<img alt=\"\" src=\"http://vitduct.com.vn/storage/app/public/uploads/images/Van-tron-dap-lua-bang-cau-chi_result.jpg\" style=\"height:909px; width:1000px\" /></p>\r\n\r\n<p>&nbsp;</p>\r\n\r\n<p>&nbsp;</p>', 0, 0, 1, 1, 7, 4, 1, '0', '2016-04-13 20:00:09', '2019-11-18 18:48:23'),
(47, 'Van chữ nhật dập lửa cầu chì nhiệt: V-FD/R', 'Van dập lửa vuông (FD)', '<h2>Van chữ nhật dập lửa cầu ch&igrave; nhiệt: V-FD/R&nbsp; &nbsp; &nbsp; &nbsp; &nbsp; &nbsp; &nbsp; &nbsp; &nbsp; &nbsp;</h2>\r\n\r\n<p>&nbsp; &nbsp; &nbsp; &nbsp; &nbsp; &nbsp; &nbsp; &nbsp;&nbsp;<img alt=\"\" src=\"http://vitduct.com.vn/storage/app/public/uploads/images/Van%20FD%20vu%C3%B4ng%201_1.JPG\" style=\"height:267px; width:400px\" /><img alt=\"\" src=\"http://vitduct.com.vn/storage/app/public/uploads/images/Van%20FD%20vu%C3%B4ng%201_2.JPG\" style=\"height:267px; width:400px\" /></p>\r\n\r\n<p><big><strong>* Đặc điểm sử dụng:</strong><br />\r\n- Van dập lửa được sử dụng tr&ecirc;n hệ thống ống gi&oacute;.</big></p>\r\n\r\n<p><big>- Van dập lửa cầu ch&igrave; : Sử dụng cầu ch&igrave; nhiệt dập lửa n&oacute;ng chảy ở 70-75 độ C để thực hiện đ&oacute;ng ngắt, khi xảy ra ch&aacute;y cầu ch&igrave; n&oacute;ng chảy c&aacute;nh van sẽ được đ&oacute;ng lại v&agrave; giữchặt bằng l&ograve; xo để ngăn lửa, kh&oacute;i Ian sang khu vực kh&aacute;c.</big></p>\r\n\r\n<p><big>- Ngăn chặn hoả hoạn kịp thời trong hệ thống ống gi&oacute; điều ho&agrave; kh&ocirc;ng kh&iacute; hoặc th&ocirc;ng gi&oacute; cho c&aacute;c c&ocirc;ng tr&igrave;nh nhờ sợi d&acirc;y ch&igrave; đặc biệt.</big></p>\r\n\r\n<p><big>- Ch&uacute;ng c&oacute; khả năng ngăn kh&oacute;i v&agrave; chống lan truyền ch&aacute;y theo hệ thống ống gi&oacute; trong c&aacute;c c&ocirc;ng tr&igrave;nh.</big></p>\r\n\r\n<p><big>- Khuyến nghị&nbsp;n&ecirc;n lắp van tr&ecirc;n đường ống gi&oacute; v&agrave;o vị tr&iacute; c&oacute; tường hoặc v&aacute;ch ngăn giữa c&aacute;c khu vực cần ngăn ch&aacute;y để&nbsp;đảm bảo y&ecirc;u cầu kỹ thuật tốt hơn.</big></p>\r\n\r\n<p><big><strong>* Vậtliệu m&agrave;u sắc:</strong><br />\r\n- Được chế tạo từ vật liệu t&ocirc;n mạ kẽm hoặc inox</big>.</p>\r\n\r\n<p><img alt=\"\" src=\"http://vitduct.com.vn/storage/app/public/uploads/images/Van-chu-nhat-dap-lua_result.jpg\" style=\"height:650px; width:1000px\" /></p>\r\n\r\n<p><img alt=\"\" src=\"http://vitduct.com.vn/storage/app/public/uploads/images/Van-chu-nhat-dap-lua-1_result.jpg\" style=\"height:399px; width:1000px\" /></p>\r\n\r\n<p><img alt=\"\" src=\"http://vitduct.com.vn/storage/app/public/uploads/images/Van-chu-nhat-dap-lua-2_result.jpg\" style=\"height:371px; width:1000px\" /></p>\r\n\r\n<p>&nbsp;</p>\r\n\r\n<p>&nbsp;</p>', 0, 0, 1, 1, 7, 4, 1, '0', '2016-04-13 20:03:35', '2019-11-18 19:24:42'),
(48, 'Van chữ nhật dập lửa đóng mở bằng động cơ: V-MFD/R', 'Van đóng mở bằng điện (MD)', '<h2>Van chữ nhật dập lửa đ&oacute;ng mở bằng động cơ: V-MFD/R</h2>\r\n\r\n<p><img alt=\"\" src=\"http://vitduct.com.vn/storage/app/public/uploads/images/Van%20MFD%20lo%E1%BA%A1i%20vu%C3%B4ng%201%20l%C3%A1%201_2.jpg\" style=\"height:267px; width:400px\" /><img alt=\"\" src=\"http://vitduct.com.vn/storage/app/public/uploads/images/Van%20MFD%20lo%E1%BA%A1i%20vu%C3%B4ng%201%20l%C3%A1%201_1.jpg\" style=\"height:267px; width:400px\" /></p>\r\n\r\n<p><big><strong>* Đặc điểm sử dụng:</strong><br />\r\n- Van dập lửa được sử dụng tr&ecirc;n hệ thống ống gi&oacute;.</big></p>\r\n\r\n<p><big>- Ngăn chặn hoả hoạn kịp thời trong hệ thống ống gi&oacute; điều ho&agrave; kh&ocirc;ng kh&iacute; hoặc th&ocirc;ng gi&oacute; cho c&aacute;c c&ocirc;ng tr&igrave;nh nhờ được đ&oacute;ng mở bằng động cơ điện l&acirc;y t&iacute;n hiệu từ hệ thống b&aacute;o ch&aacute;y.</big></p>\r\n\r\n<p><big>- Ch&uacute;ng c&oacute; khả năng ngăn kh&oacute;i v&agrave; chống lan truyền ch&aacute;y theo hệ thống ống gi&oacute; trong c&aacute;c c&ocirc;ng tr&igrave;nh.</big></p>\r\n\r\n<p><big>- Van c&oacute; h&igrave;nh chữ nhật</big></p>\r\n\r\n<p><big>- Khuyến nghị&nbsp;n&ecirc;n lắp van tr&ecirc;n đường ống gi&oacute; v&agrave;o vị tr&iacute; c&oacute; tường hoặc v&aacute;ch ngăn giữa c&aacute;c khu vực cần ngăn ch&aacute;y để&nbsp;đảm bảo y&ecirc;u cầu kỹ thuật tốt hơn.</big></p>\r\n\r\n<p><big><strong>* Vậtliệu m&agrave;u sắc:</strong><br />\r\n- Được chế tạo từ vật liệu t&ocirc;n mạ kẽm hoặc inox</big>.</p>\r\n\r\n<p><img alt=\"\" src=\"http://vitduct.com.vn/storage/app/public/uploads/images/Van-chu-nhat-dap-lua-bang-dong-co_result.jpg\" style=\"height:766px; width:1000px\" /></p>\r\n\r\n<p><img alt=\"\" src=\"http://vitduct.com.vn/storage/app/public/uploads/images/Van-chu-nhat-dap-lua-bang-dong-co-1_result.jpg\" style=\"height:376px; width:1000px\" /></p>\r\n\r\n<p><img alt=\"\" src=\"http://vitduct.com.vn/storage/app/public/uploads/images/Van-chu-nhat-dap-lua-bang-dong-co-2_result.jpg\" style=\"height:356px; width:1000px\" /></p>\r\n\r\n<p>&nbsp;</p>\r\n\r\n<p>&nbsp;</p>', 0, 0, 1, 1, 7, 4, 1, '0', '2016-04-13 20:09:28', '2019-11-19 02:55:10'),
(49, 'Động cơ van gió', 'Động cơ van gió.......', '<p><p><img src=\"http://vitduct.com.vn/uploads/0416/7048Động cơ van gió.jpg\" style=\"\"></p><p><b>Đặc điểm sử dụng: </b></p><p>- Dùng để tạo động lực cho các loại van đóng mở bằng điện.</p><p>- Được lắp trực tiếp trên các loại van điều chỉnh lưu lượng, van dập lửa đóng mở bằng điện....</p><p><b>Vật liệu màu sắc: </b></p><p>- Động cơ điện là loại On/ Off hoặc điều chỉnh vô cấp, điện áp sử dụng là AC 220V; AC 24V hoặc DC 24V</p><p>- Động cơ được sản xuất với rất nhiều cấp tạo mô men tùy theo kích thước van.</p><p><span style=\"line-height: 1.45em; background-color: initial;\">- Để lựa chọn động cơ phù hợp vui lòng xem </span><b style=\"line-height: 1.45em; background-color: initial;\">Catalogue</b><br></p><br></p>', 0, 0, 1, 1, 7, 3, 1, '0', '2016-04-13 20:17:37', '2016-04-13 20:19:18'),
(50, 'Van chữ nhật một chiều: V-NRD/R', 'Van một chiều (RVD).....', '<h2>&nbsp; &nbsp;Van chữ nhật một chiều: V-NRD/R</h2>\r\n\r\n<p>&nbsp; &nbsp;<img alt=\"\" src=\"http://vitduct.com.vn/storage/app/public/uploads/images/van%201%20chi%E1%BB%81u%202_2.jpg\" style=\"height:267px; width:400px\" /><img alt=\"\" src=\"http://vitduct.com.vn/storage/app/public/uploads/images/van%201%20chi%E1%BB%81u%202_1.jpg\" style=\"height:267px; width:400px\" /></p>\r\n\r\n<p><big><strong>* Đặc điểm sử dụng:</strong></big></p>\r\n\r\n<ul>\r\n	<li><big>Được&nbsp;sử dụng tr&ecirc;n đường gi&oacute; cấp. Khi lưu lượng gi&oacute; đi qua van sẽ mở tự động tr&ecirc;n nguy&ecirc;n l&yacute; lực đẩy d&ograve;ng kh&iacute; v&agrave; &aacute;p suất.</big></li>\r\n	<li><big>Van h&igrave;nh chữ nhật.</big></li>\r\n	<li><big>Đối với hệ thống quạt lắp song song, chung một đường ống gi&oacute;, van một chiều gi&uacute;p cho việc chống thổi ngược khi một quạt dừng hoạt động.Van một chiếu chỉ c&oacute; t&aacute;c dụng khi được lắp đặt với c&aacute;nh thẳng đứng.</big></li>\r\n	<li><big>Trong một số trường hợp được điều khiển đ&oacute;ng mở bằng động cơ điện.</big></li>\r\n</ul>\r\n\r\n<p><big><strong>* Vật liệu m&agrave;u sắc:</strong></big></p>\r\n\r\n<ul>\r\n	<li><big>Được&nbsp;l&agrave;m bằng t&ocirc;n mạ kẽm hoặc inox</big></li>\r\n</ul>\r\n\r\n<p><big><img alt=\"\" src=\"http://vitduct.com.vn/storage/app/public/uploads/images/van-vuong-1%20chieu_result.png\" style=\"height:844px; width:1000px\" /></big></p>\r\n\r\n<p><big><img alt=\"\" src=\"http://vitduct.com.vn/storage/app/public/uploads/images/van-vuong-1-chieu-1_result.png\" style=\"height:523px; width:1000px\" /></big></p>', 0, 0, 1, 1, 7, 4, 1, '0', '2016-04-13 20:26:10', '2019-11-18 18:35:42'),
(51, 'Van vuông điều chỉnh lưu lượng lắp kèm cửa gió: V-OBD/R', 'Van lắp trên cửa gió (van đen)', '<h2>Van vu&ocirc;ng điều chỉnh lưu lượng lắp k&egrave;m cửa gi&oacute;: V-OBD/R</h2>\r\n\r\n<p><img alt=\"\" src=\"http://vitduct.com.vn/storage/app/public/uploads/images/Van%20OBD%201_2(1).jpg\" style=\"height:267px; width:400px\" /><img alt=\"\" src=\"http://vitduct.com.vn/storage/app/public/uploads/images/Van%20OBD%201_1.jpg\" style=\"height:267px; width:400px\" /></p>\r\n\r\n<p><strong>*<big> Đặc điểm sử dụng:</big></strong><br />\r\n<big>- Van gắn cửa gi&oacute; của VlTDUCT được sử dụng tại c&aacute;c vị tr&iacute; kh&ocirc;ng gian lắp đặt hạn chế, thường gắn lu&ocirc;n v&agrave;o cửa gi&oacute;. Loại van n&agrave;y c&oacute; thể dễ d&agrave;ng điều chỉnh độ mở ho&agrave;n to&agrave;n, một nửa hoặc đ&oacute;ng ho&agrave;n to&agrave;n bởi v&iacute;t điều ch&iacute;nh ngay trong van.Với loại van n&agrave;y, người điều chỉnh c&oacute; thể thao t&aacute;c ngay dưới trần m&agrave; kh&ocirc;ng cần leo l&ecirc;n tr&ecirc;n trần.</big></p>\r\n\r\n<p><big>- D&ugrave;ng&nbsp;để điều chỉnh lưu lượng cửa gi&oacute; cấp hoặc gi&oacute; hồi<br />\r\n- Được&nbsp;lắp với cửa gi&oacute; cấp hoặc hồi tại cổ cửa gi&oacute; hoặc miệng hộp gi&oacute;.</big></p>\r\n\r\n<p><big><strong>* Vật&nbsp;liệu m&agrave;u sắc:</strong><br />\r\n- Khung v&agrave; c&aacute;nh được l&agrave;m bằng nh&ocirc;m đ&uacute;c đầu c&oacute; g&acirc;n tăng cứng, hoặc bằng tole mạ kẽm. B&aacute;nh răng v&agrave; c&aacute;c cơ cấu truyền động được l&agrave;m bằng nhựa.</big></p>\r\n\r\n<p><big>- Được sơn bằng sơn dầu hoặc sơn tĩnh điện m&agrave;u đen.<br />\r\n<img alt=\"\" src=\"http://vitduct.com.vn/storage/app/public/uploads/images/van-dieu-chinh-luu-luong-lap-kem-cua-gio_result.jpg\" style=\"height:784px; width:1000px\" /></big></p>\r\n\r\n<p><big><img alt=\"\" src=\"http://vitduct.com.vn/storage/app/public/uploads/images/van-dieu-chinh-luu-luong-lap-kem-cua-gio-1_result.jpg\" style=\"height:301px; width:1000px\" /></big></p>\r\n\r\n<p>&nbsp;</p>\r\n\r\n<p>&nbsp;</p>\r\n\r\n<p>&nbsp;</p>\r\n\r\n<p>&nbsp;</p>', 0, 0, 1, 1, 7, 4, 1, '0', '2016-04-13 20:30:36', '2019-11-20 21:34:26'),
(52, 'Ống gió tiêu âm loại không có vách ngăn: V-ADS-S', 'Ống gió tiêu âm........', '<h2>Ống gi&oacute; ti&ecirc;u &acirc;m loại kh&ocirc;ng c&oacute; v&aacute;ch ngăn: V-ADS-S</h2>\r\n\r\n<p>&nbsp; &nbsp; &nbsp; &nbsp; &nbsp; &nbsp; &nbsp; &nbsp; &nbsp; &nbsp; &nbsp; &nbsp; &nbsp; &nbsp; &nbsp; &nbsp;<img src=\"http://vitduct.com.vn/uploads/0416/6113Tieu am vuong.jpg\" style=\"height:240px; width:300px\" />&nbsp; &nbsp;&nbsp;<img alt=\"\" src=\"http://vitduct.com.vn/storage/app/public/uploads/images/Phu-kien-tieu-am.jpg\" style=\"height:188px; width:268px\" /></p>\r\n\r\n<p><strong>* Đặc điểm&nbsp;sử dụng:</strong><br />\r\n- Được&nbsp;sử dụng tr&ecirc;n đường cấp gi&oacute; hoặc hồi gi&oacute; trong hệ thống điều h&ograve;a, th&ocirc;ng gi&oacute;, v&aacute;ch ph&ograve;ng c&aacute;ch &acirc;m.<br />\r\n- Thường được lắp ở c&aacute;c đầu v&agrave;o đầu ra của c&aacute;c nguồn g&acirc;y ồn như quạt m&aacute;y lạnh, m&aacute;y ph&aacute;t điện, AHU, FCU,... để hấp thụ giảm Ian truyền tiếng ồn. Lớp vỏ được chế tạo từ t&ocirc;n mạ k&egrave;m với g&oacute;c nối l&agrave;m bằng phương ph&aacute;p gh&eacute;p m&iacute; dọc. Hai đầu ti&ecirc;u &acirc;m thường được l&agrave;m th&agrave;nh b&iacute;ch để dễ d&agrave;ng kết nối với hệ thống truyền tải, khoảng tiếp gi&aacute;p giữa b&iacute;ch v&agrave; lớp l&otilde;i thường được che phủ bằng t&ocirc;n mạ kẽm, kết nối bằng đinh r&uacute;t v&agrave; gắn keo.Vật liệu ti&ecirc;u &acirc;m thường l&agrave; b&ocirc;ng thủy tinh hoặc b&ocirc;ng kho&aacute;ng, được bọc trong lớp vải bố c&ocirc;ng nghiệp v&agrave; bao phủ b&ecirc;n ngo&agrave;i c&ugrave;ng l&agrave; lớp t&ocirc;n soi lổ mạ kẽm, tạo th&agrave;nh c&aacute;c tấm v&aacute;ch ti&ecirc;u &acirc;m ho&agrave;n ch&iacute;nh. C&aacute;c v&aacute;ch n&agrave;y được lắp song song với nhau, được tạo h&igrave;nh sao cho đầu v&agrave;o kh&ocirc;ng kh&iacute; c&oacute; h&igrave;nh dạng bản nguyệt v&agrave; đầu ra h&igrave;nh chuốt nhọn để đảm bảo giảm thiểu tổn thất &aacute;p suất.</p>\r\n\r\n<p><strong>* Vật liệu v&agrave; m&agrave;u sắc:</strong><br />\r\n- Được l&agrave;m bằng t&ocirc;n mạ kẽm, t&ocirc;n lỗ, b&ocirc;ng thủy tinh, vải thủy tinh hoặc c&aacute;c vật liệu c&aacute;ch &acirc;m kh&aacute;c.<br />\r\n-&nbsp;B&iacute;ch TDC hoặc th&eacute;p g&oacute;c.<br />\r\n- Độ&nbsp;d&agrave;y vật liệu c&oacute; thể t&ugrave;y theo y&ecirc;u cầu của kh&aacute;ch h&agrave;ng</p>\r\n\r\n<p><img alt=\"\" src=\"http://vitduct.com.vn/storage/app/public/uploads/images/ong-gio-tieu-am-loai-khong-co-vach-ngan_result.jpg\" style=\"height:695px; width:1000px\" /></p>\r\n\r\n<p>&nbsp;</p>\r\n\r\n<p>&nbsp;</p>', 0, 0, 1, 1, 9, 4, 1, '0', '2016-04-13 20:36:14', '2020-01-09 19:37:48'),
(54, 'Bông khoáng dịnh hình', 'Bông khoáng dịnh hình...', '<p></p><p><img src=\"http://vitduct.com.vn/uploads/0416/289Bong thuy tinh.jpg\"></p><p><b>Đặc điểm sử dụng:&nbsp;</b></p><p>- Dùng để cách âm, cách nhiệt (nóng, lạnh).</p><p>- Được dùng cho bảo ôn đường ống, bồn bể, vách tiêu âm.</p><p><b>Vật liệu và mầu sắc:&nbsp;</b></p><p>- Được từ bông khoáng có mầu sắc vàng hoặc trắng.</p><p>- Có tỷ trọng: 40, 50, 60 và 100 Kg/m3</p><p><br></p><br><p></p>\r\n', 0, 0, 1, 1, 9, 3, 1, '0', '2016-04-13 21:45:53', '2016-04-13 21:49:02'),
(55, 'Bông thủy tinh dạng cuộn', 'Bông thủy tinh dạng cuộn', '<p><p><img src=\"http://vitduct.com.vn/uploads/0416/7824Bong thuy tinh 2.jpg\" style=\"\"></p><p><b>Đặc điểm sử dụng:&nbsp;</b></p><p>- Dùng để cách âm, cách nhiệt (nóng, lạnh).</p><p>- Được dùng cho bảo ôn đường ống, bồn bể, vách tiêu âm.</p><p><b>Vật liệu và mầu sắc:&nbsp;</b></p><p>- Được từ bông khoáng có mầu sắc vàng hoặc trắng.</p><p>- Có tỷ trọng: 10, 20, 32 và 40 Kg/m3 và độ dày là 25 hoặc 50 mm. loại có mặt bạc hoặc không.</p><p><br></p><br></p>', 0, 0, 1, 1, 9, 3, 1, '0', '2016-04-13 21:48:48', '2016-04-13 21:48:48'),
(57, 'Catalogue Động cơ van Nunetec 5Nm', 'https://drive.google.com/open?id=0Bz-vVPXT5a81M2VncXE2bTk4anM', '', 0, 0, 11, 0, 12, 3, 1, '0', '2016-04-20 22:17:38', '2016-04-21 00:39:32'),
(58, 'Catalogue Động cơ van Nunetec 10Nm', 'https://drive.google.com/open?id=0Bz-vVPXT5a81Q3lpQUFueXg2cm8', '', 0, 0, 11, 0, 12, 3, 1, '0', '2016-04-20 22:19:49', '2016-04-21 00:46:32'),
(60, 'Catalogue bảo ôn Insulflex - Malayxia', 'https://drive.google.com/open?id=0Bz-vVPXT5a81Ri1TTV9uTEt2bG8', '', 0, 0, 11, 0, 12, 3, 1, '0', '2016-04-20 22:33:41', '2016-04-21 00:53:41'),
(61, 'Catalogue ống đồng HALIANG - China', 'https://drive.google.com/open?id=0Bz-vVPXT5a81SFY5SDg1Ql94Y2c', '', 0, 0, 11, 0, 12, 3, 1, '0', '2016-04-20 22:36:29', '2016-04-21 00:52:53'),
(62, 'Catalogue bảo ôn Superlon - Malayxia', 'https://drive.google.com/open?id=0Bz-vVPXT5a81Y3ZNaldJYmFKNms', '', 0, 0, 11, 0, 12, 3, 1, '0', '2016-04-20 22:38:40', '2016-04-21 00:51:18'),
(63, 'Catalogue cáp điện Cadisun', 'https://drive.google.com/open?id=0Bz-vVPXT5a81WnhGNm5zd3BISlU', '', 0, 0, 11, 0, 12, 3, 1, '0', '2016-04-20 22:41:33', '2016-04-21 00:49:12'),
(66, 'ISO 9001: 2015 CERTIFICATE', 'https://drive.google.com/open?id=0Bz-vVPXT5a81bUlXa3NVM2pzLVU', '', 0, 0, 11, 0, 23, 3, 1, '0', '2016-04-25 20:11:59', '2016-04-25 20:11:59'),
(68, 'Catalogue ống đồng Toàn Phát (RUBI)', 'https://drive.google.com/open?id=0Bz-vVPXT5a81RlZ1ZkF1MUlIc1E', '', 0, 0, 11, 0, 12, 3, 1, '0', '2016-05-22 00:34:49', '2016-05-22 00:34:49'),
(69, 'Catalogue ống luồn dây và phụ kiện SINO', 'https://drive.google.com/open?id=0Bz-vVPXT5a81cHJwVFU1SGExb1U', '', 0, 0, 11, 0, 12, 3, 1, '0', '2016-05-22 00:36:44', '2016-05-22 00:36:44'),
(70, 'Catalogue Tole, ống PVC Hoa Sen', 'https://drive.google.com/open?id=0Bz-vVPXT5a81c3JraDJRNGp1a0E', '', 0, 0, 11, 0, 12, 3, 1, '0', '2016-05-22 00:39:13', '2016-05-22 00:39:13'),
(72, 'Dự án HATECO HOÀNG MAI', 'Dự án HATECO HOÀNG MAI', '<p><p><img src=\"http://vitduct.com.vn/uploads/0516/5806chung-cu-hateco-hoang-mai.jpg\" style=\"\"></p>Dự án HATECO Hoàng Mai</p><p>Chủ đầu tư: Công ty cổ phần HATECO Hà Nội</p><p>Nhà thầu điều hòa không khí và thông gió: Công ty CP Đầu tư Xây lắp và Thương mại Việt Nam</p>', 0, 0, 2, 4, 10, 3, 1, '0', '2016-05-24 15:36:23', '2016-05-24 15:36:23'),
(73, 'Catalogue ống nhựa Tiền Phong', 'https://drive.google.com/open?id=0Bz-vVPXT5a81akxFazFIQ24wNTA', '', 0, 0, 11, 0, 12, 3, 1, '0', '2016-05-25 00:04:58', '2016-05-25 00:04:58'),
(74, 'Catalogue quạt gió TH Vinasun 1', 'https://drive.google.com/open?id=0Bz-vVPXT5a81SjdmelJLTnFtYXM', '', 0, 0, 11, 0, 12, 3, 1, '0', '2016-05-25 21:33:08', '2016-05-25 21:36:51'),
(75, 'Catalogue quạt gió TH Vinasun 2', 'https://drive.google.com/open?id=0Bz-vVPXT5a81M0Q3MW4xQ2p0b0U', '', 0, 0, 11, 0, 12, 3, 1, '0', '2016-05-25 21:35:34', '2016-05-25 21:35:34'),
(76, 'Catalogue Tole VN Thăng Long', 'https://drive.google.com/open?id=0Bz-vVPXT5a81MGNXUGt6ZUc4VzQ', '', 0, 0, 11, 0, 12, 3, 1, '0', '2016-05-30 17:27:12', '2016-05-30 17:27:12'),
(77, 'Hồ sơ năng lực Tole VN Thăng Long', 'https://drive.google.com/open?id=0Bz-vVPXT5a81c3dGX3hsXzZOaWc', '', 0, 0, 11, 0, 12, 3, 1, '0', '2016-05-30 17:28:53', '2016-05-30 17:28:53'),
(89, 'Cầu chì nhiệt dùng cho van chặn lửa: V-FFD', 'Cầu nhiệt dùng cho van chặn lửa', '<h2>Cầu nhiệt d&ugrave;ng cho van chặn lửa: V-FFD</h2>\r\n\r\n<h2><img src=\"http://vitduct.com.vn/uploads/0816/6030Cau tri 2.jpg\" style=\"height:225px; width:300px\" />&nbsp; &nbsp;&nbsp;<img alt=\"\" src=\"http://vitduct.com.vn/storage/app/public/uploads/images/cau-chi-nhiet-vitduct.png\" style=\"height:222px; width:328px\" /></h2>\r\n\r\n<p>* Đặc điểm sử dụng:<br />\r\n&nbsp;- Sử dụng&nbsp;cầu ch&igrave; nhiệt lắp cho van dập lửa n&oacute;ng chảy ở 70-75 độ C để thực hiện đ&oacute;ng ngắt, khi xảy ra ch&aacute;y cầu ch&igrave; n&oacute;ng chảy c&aacute;nh van dập lửa sẽ được đ&oacute;ng lại v&agrave; giữ chặt bằng l&ograve; xo để ngăn lửa, kh&oacute;i Ian sang khu vực kh&aacute;c.<br />\r\n- Cầu ch&igrave; nhiệt độ 165oF (74&deg;C)<br />\r\n*Th&ocirc;ng số kỹ thuật:<br />\r\n- Nhi&eacute;t dc): 165&deg;F (74&deg;C)<br />\r\n- Lực k&eacute;o: (0.5 &mdash; 4.5) Kg<br />\r\n*Vật liệu: Th&eacute;p v&agrave; hợp kim vonfram&nbsp;</p>\r\n\r\n<p>&nbsp;</p>\r\n\r\n<p>&nbsp;</p>\r\n\r\n<p>&nbsp;</p>\r\n\r\n<p>&nbsp;</p>\r\n\r\n<p>&nbsp;</p>', 0, 0, 1, 1, 7, 4, 1, '0', '2016-08-29 17:32:12', '2020-01-09 20:24:37'),
(90, 'Model DSM1- Loại treo trần', 'Model DSM1- Loại treo trần', '<p><img alt=\"\" src=\"http://vitduct.com.vn/storage/app/public/uploads/images/DSM1_1.jpg\" style=\"height:500px; width:500px\" /></p>\r\n\r\n<p><strong>* Đặc điểm sử dụng <a href=\"http://vitduct.com.vn/Z2c=/lo-xo-chong-rung-va-giam-chan\">l&ograve; xo chống rung</a> model DSM1 - Loại treo trần:</strong></p>\r\n\r\n<p>- Được sử dụng l&agrave;m bộ giảm chấn, chống rung cho: Quạt gi&oacute; (FAN), AHU,CHILLER, M&Aacute;Y BƠM, M&Aacute;Y PH&Aacute;T ...</p>\r\n\r\n<p>- Khung v&agrave; l&otilde;i ri&ecirc;ng biệt, dễ d&agrave;ng th&aacute;o lắp v&agrave; bảo tr&igrave;</p>\r\n\r\n<p>- D&ograve;ng sản phẩm DSM1 c&oacute; rất nhiều Model với dải trọng lượng ph&ugrave; hợp với c&aacute;c mọi nhu cầu kh&aacute;c nhau:</p>\r\n\r\n<table border=\"0\" cellpadding=\"0\" cellspacing=\"0\" style=\"width:701px\">\r\n	<tbody>\r\n		<tr>\r\n			<td style=\"height:29px; text-align:center; width:67px\">STT/No.</td>\r\n			<td style=\"text-align:center; width:176px\">M&atilde; h&agrave;ng/ Model</td>\r\n			<td style=\"text-align:center; width:151px\">Tải trọng/ Load (kg)</td>\r\n			<td style=\"text-align:center; width:88px\">SL/ Q.Ty</td>\r\n			<td style=\"text-align:center; width:105px\">ĐV/ Unit</td>\r\n			<td style=\"text-align:center; width:115px\">Đơn gi&aacute; / Cost</td>\r\n		</tr>\r\n		<tr>\r\n			<td style=\"height:29px; text-align:center\">1</td>\r\n			<td style=\"text-align:center\">DSM1:10</td>\r\n			<td style=\"text-align:center\">5 &divide; 10</td>\r\n			<td style=\"text-align:center\">01</td>\r\n			<td style=\"text-align:center\">C&aacute;i / Pcs</td>\r\n			<td style=\"text-align:center\">119,416</td>\r\n		</tr>\r\n		<tr>\r\n			<td style=\"height:29px; text-align:center\">2</td>\r\n			<td style=\"text-align:center\">DSM1:20</td>\r\n			<td style=\"text-align:center\">10 &divide; 25</td>\r\n			<td style=\"text-align:center\">01</td>\r\n			<td style=\"text-align:center\">C&aacute;i / Pcs</td>\r\n			<td style=\"text-align:center\">132,396</td>\r\n		</tr>\r\n		<tr>\r\n			<td style=\"height:29px; text-align:center\">3</td>\r\n			<td style=\"text-align:center\">DSM1:50</td>\r\n			<td style=\"text-align:center\">25 &divide; 125</td>\r\n			<td style=\"text-align:center\">01</td>\r\n			<td style=\"text-align:center\">C&aacute;i / Pcs</td>\r\n			<td style=\"text-align:center\">175,584</td>\r\n		</tr>\r\n		<tr>\r\n			<td style=\"height:29px; text-align:center\">4</td>\r\n			<td style=\"text-align:center\">DSM1:150</td>\r\n			<td style=\"text-align:center\">125 &divide; 250</td>\r\n			<td style=\"text-align:center\">01</td>\r\n			<td style=\"text-align:center\">C&aacute;i / Pcs</td>\r\n			<td style=\"text-align:center\">224,436</td>\r\n		</tr>\r\n		<tr>\r\n			<td style=\"height:29px; text-align:center\">5</td>\r\n			<td style=\"text-align:center\">DSM1:350</td>\r\n			<td style=\"text-align:center\">250 &divide; 500</td>\r\n			<td style=\"text-align:center\">01</td>\r\n			<td style=\"text-align:center\">C&aacute;i / Pcs</td>\r\n			<td style=\"text-align:center\">230,800</td>\r\n		</tr>\r\n		<tr>\r\n			<td style=\"height:29px; text-align:center\">6</td>\r\n			<td style=\"text-align:center\">DSM1:600</td>\r\n			<td style=\"text-align:center\">500 &divide; 700</td>\r\n			<td style=\"text-align:center\">01</td>\r\n			<td style=\"text-align:center\">C&aacute;i / Pcs</td>\r\n			<td style=\"text-align:center\">300,000</td>\r\n		</tr>\r\n	</tbody>\r\n</table>\r\n\r\n<p><strong>* Vật liệu</strong><br />\r\n- Khung được l&agrave;m từ th&eacute;p &nbsp;c&oacute; cường độ cao, chịu lực lớn để giảm chấn v&agrave; chống rung.</p>\r\n\r\n<p>- Được sơn (hoặc mạ kẽm) bằng d&acirc;y chuyền sơn tĩnh điện theo c&ocirc;ng nghệ H&agrave;n Quốc v&agrave; Nhật Bản.&nbsp;</p>\r\n\r\n<p>-&nbsp;Th&ocirc;ng số kỹ thuật, hướng dẫn sử dụng v&agrave; đặc t&iacute;nh lực chi tiết xin vui l&ograve;ng xem trong mục:</p>\r\n\r\n<p>&nbsp; &nbsp;<strong>&nbsp;Dowload t&agrave;i liệu:</strong>&nbsp;<a href=\"https://drive.google.com/file/d/1nzrcrQ7glcAx_aAZqwAoAYPJNhyU8qF5/view\"><strong>Catalogue sản phẩm</strong></a>:&nbsp;<strong>Catalogue L&ograve; xo chống rung giảm chấn</strong></p>\r\n\r\n<p>-&nbsp;Bảng gi&aacute; sản phẩm chi tiết xin vui l&ograve;ng xem trong mục:</p>\r\n\r\n<p>&nbsp;<strong>&nbsp;Dowload t&agrave;i liệu:</strong>&nbsp;<a href=\"https://drive.google.com/file/d/1aUIWgz7GCwoBPofDEd3oMdGsb5aPWCr7/view\"><strong>Bảng gi&aacute; sản phẩm</strong></a>:<strong>&nbsp;Bảng gi&aacute;&nbsp;L&ograve; xo chống rung giảm chấn</strong></p>', 0, 0, 1, 1, 20, 4, 1, '0', '2016-12-02 02:27:41', '2019-05-19 21:00:45'),
(101, 'Van xả áp lắp trên tường (vách): V-PRD/R/W', 'Van xả áp loại cơ khí ', '<h2>Van xả &aacute;p lắp tr&ecirc;n tường: V-PRD/R/W&nbsp; &nbsp; &nbsp; &nbsp; &nbsp; &nbsp; &nbsp; &nbsp; &nbsp; &nbsp; &nbsp;</h2>\r\n\r\n<p><img alt=\"\" src=\"http://vitduct.com.vn/storage/app/public/uploads/images/van%20x%E1%BA%A3%20%C3%A1p%20c%C6%A1%20kh%C3%AD%20l%E1%BA%AFp%20tr%C3%AAn%20t%C6%B0%E1%BB%9Dng%201_2.jpg\" style=\"height:267px; width:400px\" /><img alt=\"\" src=\"http://vitduct.com.vn/storage/app/public/uploads/images/van%20x%E1%BA%A3%20%C3%A1p%20c%C6%A1%20kh%C3%AD%20l%E1%BA%AFp%20tr%C3%AAn%20t%C6%B0%E1%BB%9Dng%201_1.jpg\" style=\"height:267px; width:400px\" /></p>\r\n\r\n<p>* Đặc điểm sử dụng:<br />\r\n-&nbsp;L&agrave; van được lắp bộ đối trọng (van xả &aacute;p cơ kh&iacute;)&nbsp;c&oacute; thể điều ch&iacute;nh vị tr&iacute; th&iacute;ch hợp với y&ecirc;u cầu của &aacute;p suất. C&aacute;nh của&nbsp;van sẽ mở khi đạt đến một &aacute;p suất giới hạn để gi&oacute; tho&aacute;t ra miệng van.</p>\r\n\r\n<p>- Nếu được đ&oacute;ng mở th&ocirc;ng qua động cơ điện,sẽ lấy t&iacute;n hiệu từ bộ cảm biến &aacute;p suất được c&agrave;i đặt tại ngưỡng &aacute;p suất lớn nhất cần xả &aacute;p (Max 50 Pa).</p>\r\n\r\n<p>* Vật liệu m&agrave;u sắc:<br />\r\n- Được&nbsp;l&agrave;m bằng t&ocirc;n mạ kẽm, nh&ocirc;m hoặc t&ocirc;n sơn tĩnh điện (hoặc Inox).</p>\r\n\r\n<p><img alt=\"\" src=\"http://vitduct.com.vn/storage/app/public/uploads/images/van-xa-ap-lap-tren-tuong_result.jpg\" style=\"height:743px; width:1000px\" /></p>\r\n\r\n<p><img alt=\"\" src=\"http://vitduct.com.vn/storage/app/public/uploads/images/van-xa-ap-lap-tren-tuong-1_result.jpg\" style=\"height:592px; width:1000px\" /></p>', 0, 0, 1, 1, 7, 4, 1, '0', '2017-09-06 07:26:52', '2019-11-20 21:11:17'),
(103, 'Ống gió chữ nhật: V-DK-R', 'Ống gió vuông / chữ nhật', '<h1><strong>Ống gi&oacute; chữ nhật: V-DK-R</strong></h1>\r\n\r\n<p>&nbsp; &nbsp; &nbsp; &nbsp; &nbsp; &nbsp; &nbsp; &nbsp; &nbsp; &nbsp; &nbsp; &nbsp; &nbsp; &nbsp; &nbsp; &nbsp; &nbsp; &nbsp; &nbsp; &nbsp; &nbsp; &nbsp; &nbsp; &nbsp; &nbsp; &nbsp; &nbsp; &nbsp; &nbsp;&nbsp;<img alt=\"\" src=\"http://vitduct.com.vn/storage/app/public/uploads/images/ong-gio-vuong.jpg\" style=\"height:408px; width:502px\" /></p>\r\n\r\n<p><img alt=\"Ống gió chữ nhật\" src=\"http://vitduct.com.vn/storage/app/public/uploads/images/ong-gio-chu-nhat-m.jpg\" style=\"height:539px; width:1000px\" /></p>\r\n\r\n<p>&nbsp;</p>\r\n\r\n<p><span dir=\"ltr\"><big><strong>* Đặc điểm sử dụng:</strong><br />\r\n<a href=\"http://vitduct.com.vn/san-pham/Zmdr/0ng-gio-vuong#\"><strong>Ống gi&oacute; chữ nhật</strong></a> của VlTDUCT được d&ugrave;ng để chuyển tải kh&ocirc;ng kh&iacute; trong c&aacute;c c&ocirc;ng tr&igrave;nh, khi việc chuyển tải kh&ocirc;ng kh&iacute; bằng quạt đơn thuần kh&ocirc;ng thể đạt được hiệu quả như mong muốn. Ch&uacute;ng được sử dụng phổ biến trong c&aacute;c hệ thống: điều h&ograve;a kh&ocirc;ng kh&iacute;, cấp gi&oacute; tươi, h&uacute;t gi&oacute; thải, kiểm so&aacute;t &aacute;p suất, h&uacute;t kh&oacute;i v&agrave; một số hệ thống đặc biệt kh&aacute;c. Trong c&aacute;c c&ocirc;ng tr&igrave;nh x&acirc;y dụng hiện đại, ống gi&oacute; l&agrave; một trong những hệ thống kh&ocirc;ng thể thiếu. C&aacute;c sản phẩm ống gi&oacute; chữ nhật của VlTDUCT được chế tạo theo ti&ecirc;u chuẩn hoặc theo y&ecirc;u cầu của kh&aacute;ch h&agrave;ng với ti&ecirc;u ch&iacute; bền, đẹp v&agrave;<br />\r\nkinh tế.</big></span></p>\r\n\r\n<p><span dir=\"ltr\"><big><strong>* Vật liệu m&agrave;u sắc:</strong><br />\r\nĐược l&agrave;m bằng t&ocirc;n tr&aacute;ng kẽm (loại cuộn, loại tấm) hoặc bằng inox. Ngo&agrave;i ra tuỳ theo y&ecirc;u cầu của kh&aacute;ch h&agrave;ng trong những trường hợp đặc biệt ống gi&oacute; c&ograve;n được tạo từ nh&oacute;m tấm.Tuỳ v&agrave;o từng loại ống gi&oacute; c&oacute; g&acirc;n tăng cứng đảm bảo độ chắc khoẻ đường ống.Tuỳ v&agrave;o mỹ thuật của c&ocirc;ng tr&igrave;nh để chọn c&aacute;c loại ống gi&oacute; c&oacute; kết cấu, k&iacute;ch thước ph&ugrave; hợp cho thẩm mỹ cao.Trong một số trường hợp ống gi&oacute; được sơn phủ chống ch&aacute;y đặc biệt để ph&ugrave; hợp với ti&ecirc;u chuẩn của&nbsp;</big></span><span dir=\"ltr\"><big>dự &aacute;n.</big></span></p>\r\n\r\n<p><span dir=\"ltr\"><big><strong>* Ti&ecirc;u chuẩn chế tạo:</strong><br />\r\nTu&acirc;n theo ti&ecirc;u chuẩn chế tạo ống gi&oacute;:TCC505:201 9NlTDUCT (ban h&agrave;nh lần 2),TCXD 232:1999 v&agrave; Smacna. Sản phẩm ống gi&oacute; của <a href=\"http://vitduct.com.vn/\"><strong>VlTDUCT</strong></a> cấu th&agrave;nh bởi c&aacute;c yếu tố:<br />\r\nKết nối: C&oacute; 4 kiểu kết nối cơ bản l&agrave;: b&iacute;chTDF/TDC, b&iacute;ch bằng th&eacute;p h&igrave;nh, b&iacute;ch C v&agrave; nối trơn.</big></span></p>\r\n\r\n<p><span dir=\"ltr\"><big>Độ dầy t&ocirc;n v&agrave; cỡ b&iacute;ch theo cỡ ống v&agrave; vận tốc l&agrave;m việc:</big></span></p>\r\n\r\n<p><img alt=\"\" src=\"http://vitduct.com.vn/storage/app/public/uploads/images/ong-gio-chu-nhat-1m.jpg\" style=\"height:291px; width:1000px\" /></p>\r\n\r\n<p><img alt=\"\" src=\"http://vitduct.com.vn/storage/app/public/uploads/images/ong-gio-chu-nhat-2m.jpg\" style=\"height:662px; width:1000px\" /></p>\r\n\r\n<p>&nbsp;</p>\r\n\r\n<p><span dir=\"ltr\"><big>- Kẹp b&iacute;ch c&oacute; chiều d&agrave;i tối thiểu l&agrave; 150m.&nbsp; &nbsp; &nbsp; &nbsp; &nbsp; &nbsp; &nbsp; &nbsp; &nbsp; &nbsp; &nbsp; &nbsp; &nbsp; &nbsp; &nbsp; &nbsp; &nbsp; &nbsp; &nbsp; &nbsp; &nbsp; &nbsp; &nbsp; &nbsp; &nbsp; &nbsp; &nbsp; &nbsp;&nbsp;<br />\r\nA: khoảng c&aacute;ch từ cạnh ống đến kẹp b&iacute;ch A&lt;=150mm.<br />\r\nB: Khoảng c&aacute;ch giữa c&aacute;c kẹp b&iacute;ch B&lt;=200mm.</big></span></p>\r\n\r\n<p><cite><span dir=\"ltr\"><big>* Ghi ch&uacute;: C&oacute; thể được &aacute;p dụng theo c&aacute;c ti&ecirc;u chuẩn tr&ecirc;n hoặc theo y&ecirc;u cầu kỹ thuật hoặc thiết kế của từng dự &aacute;n / y&ecirc;u cầu của kh&aacute;ch h&agrave;ng.</big></span></cite></p>', 0, 0, 1, 1, 4, 4, 1, '0', '2017-09-06 07:35:41', '2019-11-03 21:16:00'),
(106, 'Ống gió tiêu âm có vách ngăn: V-ADS-M', 'Ống tiêu âm có vách giảm âm', '<h2>Ống gi&oacute; ti&ecirc;u &acirc;m c&oacute; v&aacute;ch ngăn: V-ADS-M</h2>\r\n\r\n<p><img alt=\"Tiêu âm\" src=\"http://vitduct.com.vn/public/images/Ti%C3%AAu%20%C3%A2m.jpg\" style=\"height:480px; width:640px\" /></p>\r\n\r\n<p><strong>* Đặc điểm&nbsp;sử dụng:</strong><br />\r\n- Được&nbsp;sử dụng tr&ecirc;n đường cấp gi&oacute; hoặc hồi gi&oacute; trong hệ thống điều h&ograve;a, th&ocirc;ng gi&oacute;, v&aacute;ch ph&ograve;ng c&aacute;ch &acirc;m.<br />\r\n- Thường được lắp ở c&aacute;c đầu v&agrave;o đầu ra của c&aacute;c nguồn g&acirc;y ồn như quạt m&aacute;y lạnh, m&aacute;y ph&aacute;t điện, AHU, FCU,... để hấp thụ giảm Ian truyền tiếng ồn. Lớp vỏ được chế tạo từ t&ocirc;n mạ k&egrave;m với g&oacute;c nối l&agrave;m bằng phương ph&aacute;p gh&eacute;p m&iacute; dọc. Hai đầu ti&ecirc;u &acirc;m thường được l&agrave;m th&agrave;nh b&iacute;ch để dễ d&agrave;ng kết nối với hệ thống truyền tải, khoảng tiếp gi&aacute;p giữa b&iacute;ch v&agrave; lớp l&otilde;i thường được che phủ bằng t&ocirc;n mạ kẽm, kết nối bằng đinh r&uacute;t v&agrave; gắn keo.Vật liệu ti&ecirc;u &acirc;m thường l&agrave; b&ocirc;ng thủy tinh hoặc b&ocirc;ng kho&aacute;ng, được bọc trong lớp vải bố c&ocirc;ng nghiệp v&agrave; bao phủ b&ecirc;n ngo&agrave;i c&ugrave;ng l&agrave; lớp t&ocirc;n soi lổ mạ kẽm, tạo th&agrave;nh c&aacute;c tấm v&aacute;ch ti&ecirc;u &acirc;m ho&agrave;n ch&iacute;nh. C&aacute;c v&aacute;ch n&agrave;y được lắp song song với nhau, được tạo h&igrave;nh sao cho đầu v&agrave;o kh&ocirc;ng kh&iacute; c&oacute; h&igrave;nh dạng bản nguyệt v&agrave; đầu ra h&igrave;nh chuốt nhọn để đảm bảo giảm thiểu tổn thất &aacute;p suất.</p>\r\n\r\n<p><strong>* Vật liệu v&agrave; m&agrave;u sắc:</strong><br />\r\n- Được l&agrave;m bằng t&ocirc;n mạ kẽm, t&ocirc;n lỗ, b&ocirc;ng thủy tinh, vải thủy tinh hoặc c&aacute;c vật liệu c&aacute;ch &acirc;m kh&aacute;c.<br />\r\n-&nbsp;B&iacute;ch TDC hoặc th&eacute;p g&oacute;c.<br />\r\n- Độ&nbsp;d&agrave;y vật liệu c&oacute; thể t&ugrave;y theo y&ecirc;u cầu của kh&aacute;ch h&agrave;ng.</p>\r\n\r\n<p><img alt=\"\" src=\"http://vitduct.com.vn/storage/app/public/uploads/images/ong-gio-tieu-am-loai-co-vach-ngan_result.jpg\" style=\"height:791px; width:1000px\" /></p>', 0, 0, 1, 1, 9, 4, 1, '0', '2017-09-06 07:49:36', '2020-01-09 19:39:38'),
(107, 'Tiêu âm tròn (xốp chứng)', 'Tiêu âm tròn (xốp chứng)', '<p><img alt=\"Tiêu âm tròn (xốp chứng)\" src=\"http://vitduct.com.vn/public/images/Ti%C3%AAu%20%C3%A2m%20x%E1%BB%91p%20ch%E1%BB%A9ng.jpg\" style=\"height:500px; width:500px\" /></p>\r\n', 0, 0, 1, 1, 9, 2, 1, '0', '2017-09-06 07:54:45', '2017-09-06 07:55:03'),
(108, 'Lắp đặt quạt gió và hộp tiêu âm quạt', 'Lắp đặt quạt gió và hộp tiêu âm quạt', '<p><img alt=\"Lắp đặt quạt gió và hộp tiêu âm quạt\" src=\"http://vitduct.com.vn/public/images/H%C3%ACnh%20%E1%BA%A3nh%20thi%20c%C3%B4ng%20d%E1%BB%B1%20%C3%A1n.jpg\" style=\"height:483px; width:823px\" /></p>\r\n', 0, 0, 18, 6, 21, 2, 1, '0', '2017-09-06 07:57:49', '2017-09-06 07:57:49'),
(109, 'Catalogue lò xo chống rung VITTECH - English', 'https://drive.google.com/file/d/1hvCP-OL4mFOYCKYFa1FXaBVOx4oKsO3J/view?usp=sharing', '', 0, 0, 11, 0, 12, 4, 1, '0', '2017-09-07 02:44:38', '2019-05-20 19:54:08'),
(110, 'Catalogue lò xo chống rung VITTECH - Tiếng Việt', 'https://drive.google.com/file/d/1SjxRQzTkBWaoPNYu9gD896P4t5CvI85n/view?usp=sharing', '', 0, 0, 11, 0, 12, 4, 1, '0', '2017-09-07 02:44:59', '2019-05-20 19:54:49');
INSERT INTO `posts` (`id`, `title`, `description`, `content`, `viewed`, `votes`, `parent`, `type`, `categorieID`, `userID`, `sttesign`, `price`, `created_at`, `updated_at`) VALUES
(114, 'Vent Cap - Chụp thông hơi: V-VC', 'Vent Cap - Chụp thông hơi', '<p>Vent Cap - Chụp th&ocirc;ng hơi: V-VC</p>\r\n\r\n<p><img alt=\"\" src=\"http://vitduct.com.vn/storage/app/public/uploads/images/Vent%20Cap%20Inox.jpg\" style=\"height:400px; width:400px\" /></p>\r\n\r\n<p>* Đặc điểm sử dụng:&nbsp;</p>\r\n\r\n<p>Chụp th&ocirc;ng hơi V-VC của VITDUCT được sử dụng cho hệ thống cấp gi&oacute; tươi hoặc thải gi&oacute;. N&oacute; c&oacute; thể bao gồm lưới chắn c&ocirc;n tr&ugrave;ng để chống chịu được t&igrave;nh trạng m&ocirc;i trường đăc th&ugrave; của Việt Nam. Với kết cấu khung chắc chắn, đường n&eacute;t mạch lạc v&agrave; t&iacute;nh thẩm mỹ cao, loại cửa n&agrave;y rất ph&ugrave; hợp với c&aacute;c c&ocirc;ng tr&igrave;nh d&acirc;n dụng v&agrave; c&ocirc;ng tr&igrave;nh c&ocirc;ng nghiệp. Tiết diện chuyển gi&oacute; xấp xỉ 40% tiết diện của cửa, c&oacute; thể chống nước rất tốt.</p>\r\n\r\n<p>* Vật liệu v&agrave; m&agrave;u sắc:</p>\r\n\r\n<p>- Được chế tạo bằng vật liệu th&eacute;p kh&ocirc;ng gỉ m&aacute;c SUS 201, 304.</p>\r\n\r\n<p><img alt=\"\" src=\"http://vitduct.com.vn/storage/app/public/uploads/images/chup-thong-hoi_result.jpg\" style=\"height:627px; width:1000px\" /></p>\r\n\r\n<p><img alt=\"\" src=\"http://vitduct.com.vn/storage/app/public/uploads/images/chup-thong-hoi-1_result.jpg\" style=\"height:484px; width:1000px\" /></p>', 0, 0, 1, 1, 5, 4, 1, '0', '2017-09-13 04:32:18', '2020-01-09 19:18:41'),
(119, 'Bảng giá lò xo chống rung giảm chấn', 'https://drive.google.com/file/d/1aUIWgz7GCwoBPofDEd3oMdGsb5aPWCr7/view', '.', 0, 0, 11, 2, 22, 4, 1, '0', '2018-01-17 20:18:40', '2019-02-28 22:03:49'),
(124, 'Thông tin giới thiệu công ty', 'About us', '<h2>GIỚI THIỆU CHUNG</h2>\r\n\r\n<h3>C&Ocirc;NG TY CỔ PHẦN VITDUCT</h3>\r\n\r\n<p>&nbsp; &nbsp;-&nbsp; &nbsp;&nbsp;T&ecirc;n giao dịch tiếng Việt:&nbsp;<strong>C&ocirc;ng ty Cổ phần VITDUCT&nbsp;</strong></p>\r\n\r\n<p>&nbsp; &nbsp; &nbsp; &nbsp; &nbsp; (T&ecirc;n cũ: C&ocirc;ng ty CP Đầu tư x&acirc;y lắp v&agrave; Thương mại Việt Nam)<br />\r\n&nbsp; &nbsp;-&nbsp; &nbsp;T&ecirc;n giao dịch tiếng Anh: VITDUCT JSC<br />\r\n&nbsp; &nbsp;-&nbsp; &nbsp;T&ecirc;n viết tắt:&nbsp;<strong><a href=\"https://www.vitduct.vn/\">VITDUCT</a></strong><br />\r\n<strong>&nbsp; &nbsp;-&nbsp; &nbsp;&nbsp;</strong>Địa chỉ đăng k&yacute; kinh doanh: Số 14, Ngh&aacute;ch 30, Ng&otilde; 192, Phố Y&ecirc;n Duy&ecirc;n, P.Y&ecirc;n Sở, Q.Ho&agrave;ng Mai, TP. H&agrave; Nội<br />\r\n&nbsp; &nbsp;-&nbsp; &nbsp; Văn ph&ograve;ng giao dịch: Số NV43, Khu ĐTM Trung Văn, Đường Tố Hữu, Nam Từ Li&ecirc;m, H&agrave; Nội<br />\r\n&nbsp; &nbsp;-&nbsp; &nbsp;Chi nh&aacute;nh/Nh&agrave; m&aacute;y sản xuất: Cụm CN Y&ecirc;n B&igrave;nh, Th&ocirc;n Dục, X&atilde; Y&ecirc;n B&igrave;nh, Thạch Thất, TP. H&agrave; Nội<br />\r\n&nbsp; &nbsp;-&nbsp; &nbsp;Điện thoại: 024.36454199&nbsp; &nbsp; &nbsp; &nbsp; &nbsp; &nbsp; &nbsp; &nbsp; &nbsp; &nbsp; &nbsp; &nbsp; &nbsp; &nbsp; &nbsp; &nbsp; &nbsp; &nbsp; Fax: 042.635454199&nbsp; &nbsp; &nbsp; &nbsp; &nbsp; &nbsp; &nbsp; &nbsp; &nbsp; &nbsp;&nbsp;<br />\r\n&nbsp; &nbsp;-&nbsp; &nbsp;Email: contact@vitduct.com.vn&nbsp; &nbsp; &nbsp; &nbsp; &nbsp; &nbsp; &nbsp; &nbsp; &nbsp; &nbsp; &nbsp; &nbsp; &nbsp; &nbsp; Website:&nbsp;<a href=\"http://www.vitduct.com.vn/\">www.vitduct.com.vn</a><br />\r\n&nbsp; &nbsp;-&nbsp; &nbsp;Người đại diện: &ocirc;ng&nbsp;<strong>Ho&agrave;ng Ngọc Chiến</strong> Chức vụ:&nbsp;<strong>Gi&aacute;m đốc</strong>.<br />\r\n&nbsp; -&nbsp; &nbsp;M&atilde; số thuế: 0105361878<br />\r\n&nbsp; -&nbsp; &nbsp;Biểu tượng/Logo:&nbsp;<br />\r\n&nbsp;</p>\r\n\r\n<p><a href=\"https://1.bp.blogspot.com/-fMNsunAZ60E/XEBC1RUrrWI/AAAAAAAAA8E/0W_03rZ8PmAOLs9czQyf5zKT4sdU5BT2QCEwYBhgL/s1600/logo.jpg\"><img src=\"https://lh4.googleusercontent.com/-fMNsunAZ60E/XEBC1RUrrWI/AAAAAAAAA8E/0W_03rZ8PmAOLs9czQyf5zKT4sdU5BT2QCEwYBhgL/s200/logo.jpg\" style=\"height:200px; width:200px\" /></a></p>\r\n\r\n<p>-&nbsp; &nbsp; Biểu tượng/ Logo: Của thương hiệu: ống gi&oacute;, cửa gi&oacute;, van gi&oacute;, ti&ecirc;u &acirc;m:</p>\r\n\r\n<p><a href=\"https://3.bp.blogspot.com/-q6QjSUqpRuY/XEBBx02rtDI/AAAAAAAAA74/MODxfuqRzgUNw4Mn2jqSZXChQsGKaU-6ACEwYBhgL/s1600/cua-gio.jpg\"><img src=\"https://lh4.googleusercontent.com/-q6QjSUqpRuY/XEBBx02rtDI/AAAAAAAAA74/MODxfuqRzgUNw4Mn2jqSZXChQsGKaU-6ACEwYBhgL/s400/cua-gio.jpg\" style=\"height:145px; width:400px\" /></a></p>\r\n\r\n<p>-&nbsp; &nbsp;Biểu tượng/ Logo: Của thương hiệu: L&ograve; xo chống rung giảm chấn, Động cơ điều kiển van gi&oacute;, Tủ bảng điện:</p>\r\n\r\n<p><a href=\"https://4.bp.blogspot.com/-bvc2yQ_jZ14/XEBBx5JMc3I/AAAAAAAAA78/0eGWO5FnR9wEDd1iXUuVC_HlZzcCwsTnQCEwYBhgL/s1600/lo-xo-chong-rung.jpg\"><img src=\"https://lh4.googleusercontent.com/-bvc2yQ_jZ14/XEBBx5JMc3I/AAAAAAAAA78/0eGWO5FnR9wEDd1iXUuVC_HlZzcCwsTnQCEwYBhgL/s400/lo-xo-chong-rung.jpg\" style=\"height:145px; width:400px\" /></a></p>\r\n\r\n<p>&nbsp;</p>\r\n\r\n<p><br />\r\nSự ra đời của&nbsp;<strong>C&ocirc;ng ty cổ phần VITDUCT</strong>&nbsp;ng&agrave;y c&agrave;ng khẳng định sự đa dạng ho&aacute; ng&agrave;nh nghề, đa dạng ho&aacute; sản phẩm, đa dạng h&oacute;a c&aacute;c lĩnh vực kinh doanh, tạo ra một lợi thế mới cũng như đ&oacute;ng g&oacute;p v&agrave;o sự ph&aacute;t triển chung v&agrave; bền vững.<br />\r\n- Chủ động trong qu&aacute; tr&igrave;nh điều h&agrave;nh c&aacute;c hoạt động sản xuất kinh doanh của C&ocirc;ng ty.<br />\r\n- Tăng cường tr&aacute;ch nhiệm, tự chịu tr&aacute;ch nhiệm đối với to&agrave;n bộ hoạt động sản xuất kinh doanh của C&ocirc;ng ty.<br />\r\n- Với đội ngũ nhận lực c&oacute; tr&igrave;nh độ v&agrave; kinh nghiệm từ c&aacute;c c&ocirc;ng ty lớn trong c&aacute;c ng&agrave;nh trọng điểm về tham gia đ&oacute;ng g&oacute;p x&acirc;y dựng C&ocirc;ng ty.<br />\r\nVới những l&yacute; do cấp thiết n&ecirc;u tr&ecirc;n, tại thời điểm hiện nay, việc th&agrave;nh lập&nbsp;<strong>C&ocirc;ng ty cổ phần VITDUCT</strong>&nbsp;l&agrave; cần thiết, ph&ugrave; hợp với lộ tr&igrave;nh ph&aacute;t triển tất yếu.</p>\r\n\r\n<p>I. NG&Agrave;NH NGHỀ KINH DOANH CH&Iacute;NH</p>\r\n\r\n<p>1. Sản xuất, cung cấp lắp đặt hệ thống th&ocirc;ng gi&oacute;.<br />\r\n2. Sản xuất: Ống gi&oacute;, van gi&oacute;, cửa gi&oacute; v&agrave; phụ kiện hệ thống th&ocirc;ng gi&oacute;<br />\r\n3. Sản xuất: L&ograve; xo chống rung giảm chấn c&aacute;c loại<br />\r\n4. Mua b&aacute;n v&agrave; cung cấp lắp đặt điều h&ograve;a kh&ocirc;ng kh&iacute; c&aacute;c loại<br />\r\n5. Mua b&aacute;n v&agrave; cung cấp lắp đặt c&aacute;c hệ thống cơ điện (M&amp;E)<br />\r\n6. Bảo h&agrave;nh, bảo tr&igrave; c&aacute;c hệ thống cơ điện<br />\r\n7. Sản xuất, gia c&ocirc;ng c&aacute;c sản phẩm cơ kh&iacute;<br />\r\n8. Sản xuất, Lắp gi&aacute;p thang m&aacute;ng c&aacute;p v&agrave; tủ bảng điện<br />\r\n<br />\r\n- Vốn điều lệ: 20.000.000.000 đồng (Hai mươi tỷ đồng)<br />\r\n<strong>C&ocirc;ng ty cổ phần VITDUCT</strong>&nbsp;c&oacute; đủ năng lực nh&acirc;n sự, thiết bị v&agrave; kinh nghiệm trong hoạt động x&acirc;y dựng đủ điều kiện tham gia thi c&ocirc;ng c&aacute;c c&ocirc;ng tr&igrave;nh c&ocirc;ng nghiệp v&agrave; d&acirc;n dụng, kỹ thuật phức tạp, lập v&agrave; triển khai c&aacute;c dự &aacute;n đầu tư x&acirc;y dựng c&aacute;c c&ocirc;ng tr&igrave;nh giao th&ocirc;ng; c&aacute;c nh&agrave; m&aacute;y nhiệt điện v&agrave; c&aacute;c khu đ&ocirc; thị; khu tổ hợp dịch vụ với quy m&ocirc; lớn&hellip;<br />\r\nVới mục ti&ecirc;u c&ugrave;ng hợp t&aacute;c v&agrave; c&ugrave;ng ph&aacute;t triển bền vững, C&ocirc;ng ty lu&ocirc;n hướng tới hợp t&aacute;c li&ecirc;n doanh li&ecirc;n kết với c&aacute;c tổ chức trong v&agrave; ngo&agrave;i nước tr&ecirc;n tất cả c&aacute;c lĩnh vực x&acirc;y dựng, đầu tư, mua b&aacute;n kho&aacute;ng sản v&agrave; ph&aacute;t triển kinh tế.<br />\r\n&nbsp;</p>\r\n\r\n<p>II. NĂNG LỰC NH&Acirc;N SỰ</p>\r\n\r\n<p>Tuy mới th&agrave;nh lập nhưng C&ocirc;ng ty đ&atilde; x&acirc;y dựng được bộ m&aacute;y quản l&yacute; với c&aacute;c vị tr&iacute; chủ chốt đầy kinh nghiệm, năng lực. Thu h&uacute;t được đội ngũ c&aacute;n bộ c&ocirc;ng nh&acirc;n c&oacute; chuy&ecirc;n m&ocirc;n, kinh nghiệm v&agrave; tinh thần tr&aacute;ch nhiệm, c&ugrave;ng nhau nỗ lực, đo&agrave;n kết cao trong c&ocirc;ng việc.<br />\r\nTổng số c&aacute;n bộ c&ocirc;ng nh&acirc;n vi&ecirc;n : 175 người.<br />\r\nTrong đ&oacute;: - Kỹ sư (kỹ thuật) :&nbsp; 17 người<br />\r\n- Kinh tế &nbsp; &nbsp; &nbsp; &nbsp; &nbsp; &nbsp; &nbsp; &nbsp; &nbsp; &nbsp; &nbsp; &nbsp; :&nbsp; &nbsp; 3 người<br />\r\n- Trung cấp, c&ocirc;ng nh&acirc;n kỹ thuật : 155 người<br />\r\nIII. TỔ CHỨC QUẢN L&Yacute; BỘ M&Aacute;Y<br />\r\n<strong>C&ocirc;ng ty cổ phần VITDUCT</strong>&nbsp;l&agrave; đơn vị hoạch to&aacute;n độc lập hoạt động theo Luật Doanh nghiệp v&agrave; c&aacute;c phương &aacute;n, kế hoạch sản xuất kinh doanh do Hội đồng Quản trị của C&ocirc;ng ty ph&ecirc; duyệt. Tổ chức hoạt động của c&ocirc;ng ty phải đảm bảo nguy&ecirc;n tắc chỉ đạo trực tiếp của Hội đồng Quản trị, Tổng gi&aacute;m đốc đến c&aacute;c th&agrave;nh vi&ecirc;n của C&ocirc;ng ty ở c&aacute;c lĩnh vực m&agrave; c&ocirc;ng ty hoạt động sản xuất kinh doanh.<br />\r\n<br />\r\n1. Hội đồng quản trị: L&agrave; cơ quan quản l&yacute; C&ocirc;ng ty, c&oacute; quyền nh&acirc;n danh C&ocirc;ng ty quyết định c&aacute;c vấn đề c&oacute; li&ecirc;n quan đến mục đ&iacute;ch, quyền lợi của C&ocirc;ng ty.<br />\r\n<br />\r\n2. Ban gi&aacute;m đốc: Bao gồm Gi&aacute;m đốc, c&aacute;c ph&oacute; gi&aacute;m đốc do hội đồng Quản trị bổ nhiệm v&agrave; c&oacute; c&aacute;c ph&ograve;ng chuy&ecirc;n m&ocirc;n gi&uacute;p việc. Ban Tổng gi&aacute;m đốc c&oacute; nhiệm vụ chủ yếu: Tổ chức thực hiện c&aacute;c quyết định của Hội đồng quản trị, điều h&agrave;nh v&agrave; chịu tr&aacute;ch nhiệm về mọi hoạt động kinh doanh của C&ocirc;ng ty theo nghị quyết, quyết định của hội đồng quản trị, điều lệ C&ocirc;ng ty v&agrave; theo c&aacute;c quy định của ph&aacute;p luật, tổ chức thực hiện c&aacute;c kế hoạch sản xuất kinh doanh v&agrave; c&aacute;c dự &aacute;n đầu tư của C&ocirc;ng ty v&agrave; c&aacute;c nhiệm vụ kh&aacute;c theo điều lệ. C&ocirc;ng ty c&oacute; c&aacute;c Ph&ograve;ng:<br />\r\n1- Ph&ograve;ng Tổ chức h&agrave;nh ch&iacute;nh.<br />\r\n2- Ph&ograve;ng Kỹ thuật thi c&ocirc;ng.<br />\r\n3- Ph&ograve;ng Kinh tế kế hoạch.<br />\r\n4- Ph&ograve;ng T&agrave;i ch&iacute;nh kế to&aacute;n.</p>\r\n\r\n<p>&nbsp;</p>\r\n\r\n<p>-&nbsp; &nbsp;Căn cứ t&igrave;nh h&igrave;nh sản xuất kinh doanh v&agrave; sự ph&aacute;t triển thực tế của C&ocirc;ng ty, bộ m&aacute;y hoạt động của C&ocirc;ng ty được h&igrave;nh th&agrave;nh từng bước, c&oacute; thể thay đổi ph&ugrave; hợp với y&ecirc;u cầu nhiệm vụ trong từng giai đoạn. Sự ph&aacute;t triển của C&ocirc;ng ty tr&ecirc;n cơ sở tăng cường mức chuy&ecirc;n s&acirc;u v&agrave; quy m&ocirc; ng&agrave;nh nghề đảm nhận, đảm bảo sự ph&ugrave; hợp với sự ph&aacute;t triển chung.</p>\r\n\r\n<p>&nbsp;</p>\r\n\r\n<p>-&nbsp; &nbsp;Nh&agrave; m&aacute;y sản xuất: Điểm c&ocirc;ng nghiệp Y&ecirc;n B&igrave;nh, X&atilde; Y&ecirc;n B&igrave;nh, Huyện Thạch Thất, TP H&agrave; Nội.</p>\r\n\r\n<p>&nbsp;</p>\r\n\r\n<p><a href=\"https://2.bp.blogspot.com/-dhl4sVuZA_E/XEBZN1uR9rI/AAAAAAAAA88/jhFwv7-8mVM_bAYUhwijgMOY8ARsORAnwCEwYBhgL/s1600/nha-may-san-xuat-vitduct.jpg\"><img src=\"https://lh4.googleusercontent.com/-dhl4sVuZA_E/XEBZN1uR9rI/AAAAAAAAA88/jhFwv7-8mVM_bAYUhwijgMOY8ARsORAnwCEwYBhgL/s400/nha-may-san-xuat-vitduct.jpg\" style=\"height:285px; width:400px\" /></a></p>\r\n\r\n<p>&nbsp;</p>\r\n\r\n<p>-&nbsp; &nbsp;Nh&agrave; m&aacute;y được x&acirc;y dựng với qui m&ocirc; 4500m2 theo đ&uacute;ng ti&ecirc;u chuẩn c&ocirc;ng nghiệp. Được trang bị những m&aacute;y m&oacute;c, d&acirc;y truyền sản xuất ống gi&oacute; hiện đại nhất thế giới đến thời điểm hiện tại, như: D&acirc;y truyền sản xuất ống gi&oacute; tự động Auto line 5; M&aacute;y cắt Plasma CNC; m&aacute;y v&agrave;o ke tự động; M&aacute;y v&agrave;o m&iacute; tự động&hellip;Đảm bảo năng lực sản xuất 8,000 m2 Tole/ ng&agrave;y đ&ecirc;m đảm bảo chất lượng v&agrave; mỹ thuật cao. Với năng lực sản xuất n&agrave;y. C&ocirc;ng ty ho&agrave;n to&agrave;n c&oacute; đủ khả năng đ&aacute;p ứng c&aacute;c dự &aacute;n lớn.</p>\r\n\r\n<p>&nbsp;</p>\r\n\r\n<p>IV. QUI TR&Igrave;NH QUẢN L&Yacute; CHẤT LƯỢNG CỦA C&Ocirc;NG TY.</p>\r\n\r\n<p><strong>C&ocirc;ng ty cổ phần VITDUCT</strong>được quản l&yacute; theo Qui tr&igrave;nh quản l&yacute; theo ISO 9001: 2015.&nbsp;<br />\r\n&nbsp;</p>\r\n\r\n<p><a href=\"https://1.bp.blogspot.com/-l61tK0Jj6rE/XEBZN7cVWDI/AAAAAAAAA9A/uU667RHTtvECndSs_E_nPyqlgSDUTFjuQCEwYBhgL/s1600/chung-nhan-vitduct.jpg\"><img src=\"https://lh4.googleusercontent.com/-l61tK0Jj6rE/XEBZN7cVWDI/AAAAAAAAA9A/uU667RHTtvECndSs_E_nPyqlgSDUTFjuQCEwYBhgL/s400/chung-nhan-vitduct.jpg\" style=\"height:400px; width:282px\" /></a></p>\r\n\r\n<p>&nbsp;</p>\r\n\r\n<p>&nbsp;V. NGUY&Ecirc;N TẮC HOẠT ĐỘNG CỦA C&Ocirc;NG TY.</p>\r\n\r\n<p>1. <strong>C&ocirc;ng ty cổ phần VITDUCT</strong>&nbsp;l&agrave; đơn vị hoạch to&aacute;n độc lập hoạt động theo luật doanh nghiệp, c&aacute;c phương &aacute;n, kế hoạch sản xuất kinh doanh do Hội đồng Quản trị của C&ocirc;ng ty ph&ecirc; duyệt v&agrave; tu&acirc;n thủ điều lệ tổ chức v&agrave; hoạt động của c&ocirc;ng ty cổ phần do c&aacute;c cổ đ&ocirc;ng s&aacute;ng lập c&ugrave;ng thống nhất.<br />\r\n<br />\r\n2. C&aacute;c cổ đ&ocirc;ng c&ugrave;ng nhau chia sẻ lợi nhuận v&agrave; rủi ro cũng như c&aacute;c tr&aacute;ch nhiệm, nghĩa vụ t&agrave;i ch&iacute;nh- ph&aacute;p l&yacute; trong phạm vi vốn g&oacute;p của m&igrave;nh tại C&ocirc;ng ty cổ phần.<br />\r\n<br />\r\n3. C&aacute;c nguy&ecirc;n tắc kh&aacute;c do Đại hội đồng cổ đ&ocirc;ng C&ocirc;ng ty hoặc Hội đồng Quản trị C&ocirc;ng ty quyết định.<br />\r\n<br />\r\n&nbsp;</p>\r\n\r\n<p>LỜI KẾT&nbsp;</p>\r\n\r\n<p><br />\r\nVới định hướng ph&aacute;t triển đ&uacute;ng đắn, sự điều h&agrave;nh của ban l&atilde;nh đạo đầy kinh nghiệm, đội ngũ c&aacute;n bộ nh&acirc;n vi&ecirc;n c&oacute; chuy&ecirc;n m&ocirc;n, c&ugrave;ng với những nổ lực kh&ocirc;ng ngừng nghỉ,&nbsp;<strong>C&ocirc;ng ty cổ phần VITDUCT</strong>&nbsp;phấn đấu trở th&agrave;nh một c&ocirc;ng ty ph&aacute;t triển lớn mạnh, giữ vững được uy t&iacute;n tr&ecirc;n thị trường trong nước v&agrave; quốc tế, g&oacute;p phần x&acirc;y dựng đất nước ph&aacute;t triển, phồn vinh.</p>', 0, 0, 16, 1, 16, 4, 1, '0', '2018-11-29 07:11:56', '2019-07-05 20:05:01'),
(128, 'Nhà máy sản xuất 1', 'Nhà máy sản xuất 1', '<p><img alt=\"\" src=\"http://vitduct.com.vn/storage/app/public/uploads/images/33ccd4be02e4e1bab8f5.jpg\" style=\"height:960px; width:1280px\" /></p>', 0, 0, 2, 1, 19, 2, 1, '0', '2018-11-30 20:33:25', '2018-11-30 20:33:25'),
(129, 'Nhà máy sản xuất 2', 'Nhà máy sản xuất 2', '<p><img alt=\"\" src=\"http://vitduct.com.vn/storage/app/public/uploads/images/cc501cf1caab29f570ba.jpg\" style=\"height:960px; width:1280px\" /></p>', 0, 0, 2, 1, 19, 2, 1, '0', '2018-11-30 20:34:59', '2018-11-30 20:34:59'),
(131, 'Nhà máy sản xuất 4', 'Nhà máy sản xuất 4', '<p><img alt=\"\" src=\"http://vitduct.com.vn/storage/app/public/uploads/images/04b85271842b67753e3a.jpg\" style=\"height:960px; width:1280px\" /></p>', 0, 0, 2, 1, 19, 2, 1, '0', '2018-11-30 20:38:09', '2018-11-30 20:38:09'),
(133, 'Máy sản xuất ống gió tự động Auto Line 5', 'Máy sản xuất ống gió tự động Auto Line 5', '<p><img alt=\"\" src=\"http://vitduct.com.vn/storage/app/public/uploads/images/Duct%20production%20Auto%20Line%205.jpg\" style=\"height:836px; width:1264px\" /></p>', 0, 0, 2, 1, 19, 2, 1, '0', '2018-11-30 20:42:19', '2018-11-30 20:42:19'),
(134, 'Máy cắt Plasma CNC', 'Máy cắt Plasma CNC', '<p><img alt=\"\" src=\"http://vitduct.com.vn/storage/app/public/uploads/images/CNC%20Cutting.jpg\" style=\"height:836px; width:1264px\" /></p>', 0, 0, 2, 1, 19, 2, 1, '0', '2018-11-30 20:45:16', '2018-11-30 20:45:16'),
(137, 'CT7-Khu ĐTM Dương Nội', 'CT7-Khu ĐTM Dương Nội', '<p><img alt=\"CT7-Khu ĐTM Dương Nội\" src=\"http://vitduct.com.vn/storage/app/public/uploads/images/CT7%20Khu%20%C4%90TM%20D%C6%B0%C6%A1ng%20N%E1%BB%99i.jpg\" style=\"height:608px; width:800px\" /></p>', 0, 0, 2, 1, 10, 2, 1, '0', '2018-11-30 21:24:20', '2018-11-30 21:24:20'),
(138, 'CT7-Khu ĐTM Dương Nội', 'CT7-Khu ĐTM Dương Nội', '<p><img alt=\"\" src=\"http://vitduct.com.vn/storage/app/public/uploads/images/CT7%20Khu%20%C4%90TM%20D%C6%B0%C6%A1ng%20N%E1%BB%99i(1).jpg\" style=\"height:608px; width:800px\" /></p>', 0, 0, 2, 1, 10, 2, 1, '0', '2018-11-30 21:24:57', '2018-11-30 21:24:57'),
(139, 'Dự án: Gold Season – 47 Nguyễn Tuân', 'Dự án: Gold Season – 47 Nguyễn Tuân', '<p><img alt=\"\" src=\"http://vitduct.com.vn/storage/app/public/uploads/images/Gold%20Season%20%E2%80%93%2047%20Nguy%E1%BB%85n%20Tu%C3%A2n.jpg\" style=\"height:802px; width:1024px\" /></p>', 0, 0, 2, 1, 10, 2, 1, '0', '2018-11-30 21:25:56', '2018-11-30 21:25:56'),
(140, 'Dự án: Viwaseen Tower – Trung Văn', 'Dự án: Viwaseen Tower – Trung Văn', '<p><img alt=\"\" src=\"http://vitduct.com.vn/storage/app/public/uploads/images/Viwaseen%20Tower%20%E2%80%93%20Trung%20V%C4%83n.jpg\" style=\"height:374px; width:638px\" /></p>', 0, 0, 2, 1, 10, 2, 1, '0', '2018-11-30 21:27:11', '2018-11-30 21:27:11'),
(141, 'Dự án: Landmark 105', 'Dự án: Landmark 105', '<p><img alt=\"\" src=\"http://vitduct.com.vn/storage/app/public/uploads/images/Landmark%20105.jpg\" style=\"height:538px; width:800px\" /></p>', 0, 0, 2, 1, 10, 2, 1, '0', '2018-11-30 21:28:12', '2018-11-30 21:28:12'),
(142, 'Dự án: 6th Element- C51 Bắc Hà', 'Dự án: 6th Element- C51 Bắc Hà', '<p><img alt=\"\" src=\"http://vitduct.com.vn/storage/app/public/uploads/images/C51%20B%E1%BA%AFc%20H%C3%A0.jpg\" style=\"height:360px; width:480px\" /></p>', 0, 0, 2, 1, 10, 2, 1, '0', '2018-11-30 21:29:20', '2018-11-30 21:29:20'),
(144, 'Van chữ nhật đóng mở bằng động cơ: V-MD/R', 'Van MD', '<h2><strong>Van chữ nhật đ&oacute;ng mở bằng động cơ: V-MD/R</strong></h2>\r\n\r\n<p><img alt=\"\" src=\"http://vitduct.com.vn/storage/app/public/uploads/images/Van%20MD%20vu%C3%B4ng%20lo%E1%BA%A1i%20nhi%E1%BB%81u%20l%C3%A1%201_2.jpg\" style=\"height:267px; width:400px\" />&nbsp;&nbsp;<img alt=\"\" src=\"http://vitduct.com.vn/storage/app/public/uploads/images/Van%20MD%20vu%C3%B4ng%20lo%E1%BA%A1i%20nhi%E1%BB%81u%20l%C3%A1%201_1.jpg\" style=\"height:267px; width:400px\" /></p>\r\n\r\n<p><big><strong>* Đặc điểm sử dụng:</strong></big></p>\r\n\r\n<ul>\r\n	<li><big>Được sử dụng tr&ecirc;n đường cấp gi&oacute; hoặc hồi, hoặc tr&ecirc;n tường.</big></li>\r\n	<li><big>D&ugrave;ng&nbsp;điều khiển đ&oacute;ng mở bằng động cơ điện dạng On/Off hoặc v&ocirc; cấp t&ugrave;y theo y&ecirc;u cầu của kh&aacute;ch h&agrave;ng.</big></li>\r\n</ul>\r\n\r\n<p><big><strong>* Vật liệu m&agrave;u sắc:</strong></big></p>\r\n\r\n<ul>\r\n	<li><big>Được&nbsp;l&agrave;m bằng t&ocirc;n mạ kẽm hoặc Inox.</big></li>\r\n	<li><big>Động&nbsp;cơ van l&agrave; động cơ AC: 220V hoặc DC: 24V.</big></li>\r\n</ul>\r\n\r\n<p><big><img alt=\"\" src=\"http://vitduct.com.vn/storage/app/public/uploads/images/van-chu-nhat-dong-mo-bang-dong-co-dien_result(1).jpg\" style=\"height:787px; width:1000px\" /></big></p>\r\n\r\n<p><big><img alt=\"\" src=\"http://vitduct.com.vn/storage/app/public/uploads/images/van-chu-nhat-dong-mo-bang-dong-co-dien-1_result.jpg\" style=\"height:584px; width:1000px\" /></big></p>', 0, 0, 1, 1, 7, 4, 1, '0', '2018-11-30 21:33:32', '2019-11-04 00:21:11'),
(145, 'Van tròn điều chỉnh lưu lượng loại trục vít: V-VCD/C/T', 'Van VCD-Model 2', '<h1>&nbsp;Van tr&ograve;n điều chỉnh lưu lượng loại trục v&iacute;t: V-VCD/C/T &nbsp; &nbsp; &nbsp; &nbsp; &nbsp; &nbsp; &nbsp; &nbsp; &nbsp; &nbsp; &nbsp; &nbsp;</h1>\r\n\r\n<p>&nbsp;&nbsp;<img alt=\"\" src=\"http://vitduct.com.vn/storage/app/public/uploads/images/Van%20VCD%20tr%C3%B2n%20lo%E1%BA%A1i%20tr%E1%BB%A5c%20v%C3%ADt%201_1.jpg\" style=\"height:267px; width:400px\" /><img alt=\"\" src=\"http://vitduct.com.vn/storage/app/public/uploads/images/Van%20VCD%20tr%C3%B2n%20lo%E1%BA%A1i%20tr%E1%BB%A5c%20v%C3%ADt%201_2.JPG\" style=\"height:267px; width:400px\" /></p>\r\n\r\n<p><strong><big>* Đặc điểm sử dụng:</big></strong></p>\r\n\r\n<ul>\r\n	<li><big>D&ugrave;ng&nbsp;để điều chỉnh lưu lượng gi&oacute; cấp v&agrave; gi&oacute; hồi.</big></li>\r\n	<li><big>Được&nbsp;lắp trực tiếp tr&ecirc;n đường ống cấp hoặc ống hồi ph&iacute;a sau hộp g&oacute;p gi&oacute;.</big></li>\r\n	<li><big>Việc điều chỉnh g&oacute;c mở của c&aacute;nh van được thực hiện bằng tay qua&nbsp;trục v&iacute;t,</big>&nbsp;<big>hoặc điều chỉnh tự động bằng loại van gắn động cơ.</big></li>\r\n</ul>\r\n\r\n<p><big><strong>* Vật liệu m&agrave;u sắc:</strong></big></p>\r\n\r\n<ul>\r\n	<li><big>Được l&agrave;m bằng t&ocirc;n mạ kẽm hoặc inox.</big></li>\r\n	<li><big>Tay van c&oacute; thể l&agrave;m bằng nhựa,tay b&aacute;nh v&iacute;t hoặc tay gạt.</big></li>\r\n	<li><big>Rất dễ d&agrave;ng cho việc điều chỉnh lưu lượng gi&oacute; cấp v&agrave; gi&oacute; hồi</big></li>\r\n	<li><big>Tay van: Trục v&iacute;t.</big></li>\r\n</ul>\r\n\r\n<p>&nbsp;</p>\r\n\r\n<p><img alt=\"\" src=\"http://vitduct.com.vn/storage/app/public/uploads/images/Van-tron-dieu-chinh-luu-luong-loai-truc-vit_result.jpg\" style=\"height:561px; width:1000px\" /></p>\r\n\r\n<p><img alt=\"\" src=\"http://vitduct.com.vn/storage/app/public/uploads/images/Van-tron-dieu-chinh-luu-luong-loai-truc-vit-1_result.jpg\" style=\"height:412px; width:1000px\" /></p>', 0, 0, 1, 1, 7, 4, 1, '0', '2018-11-30 21:36:41', '2019-11-03 21:23:07'),
(146, 'Nhà máy sản xuất', 'Nhà máy sản xuất', '<p><img alt=\"\" src=\"http://vitduct.com.vn/storage/app/public/uploads/images/153cf43290ba73e42aab(2).jpg\" /></p>', 0, 0, 2, 1, 19, 2, 1, '0', '2019-01-21 04:49:04', '2019-01-21 04:49:04'),
(148, 'Nhà máy xản vuất VITDUCT', 'Nhà máy xản vuất VITDUCT', '<p><img alt=\"Nhà máy sản xuất VITDUCT\" src=\"http://vitduct.com.vn/storage/app/public/uploads/images/2ecc875982fe61a038ef.jpg\" style=\"height:960px; width:1280px\" /></p>', 0, 0, 2, 1, 19, 4, 1, '0', '2019-01-27 20:30:21', '2019-01-27 20:30:21'),
(149, 'About us', 'About us', '<h2>GIỚI THIỆU CHUNG</h2>\r\n\r\n<h1><br />\r\nC&Ocirc;NG TY CỔ PHẦN VITDUCT</h1>\r\n\r\n<p><br />\r\n&nbsp; &nbsp;- &nbsp; &nbsp;T&ecirc;n giao dịch tiếng Việt: C&ocirc;ng ty Cổ phần VITDUCT&nbsp;</p>\r\n\r\n<p>&nbsp; &nbsp; &nbsp; &nbsp; &nbsp; (T&ecirc;n cũ: C&ocirc;ng ty CP Đầu tư x&acirc;y lắp v&agrave; Thương mại Việt Nam)</p>\r\n\r\n<p>&nbsp; &nbsp;- &nbsp; T&ecirc;n giao dịch tiếng Anh: VITDUCT JSC</p>\r\n\r\n<p>&nbsp; &nbsp;- &nbsp; T&ecirc;n viết tắt: VITDUCT</p>\r\n\r\n<p>&nbsp; &nbsp;- &nbsp; &nbsp;Địa chỉ đăng k&yacute; kinh doanh: Số 14, Ngh&aacute;ch 30, Ng&otilde; 192, Phố Y&ecirc;n Duy&ecirc;n, P.Y&ecirc;n Sở, Q.Ho&agrave;ng Mai, TP. H&agrave; Nội</p>\r\n\r\n<p>&nbsp; &nbsp;- &nbsp; &nbsp;Văn ph&ograve;ng giao dịch: Số NV43, Khu ĐTM Trung Văn, Đường Tố Hữu, Nam Từ Li&ecirc;m, H&agrave; Nội</p>\r\n\r\n<p>&nbsp; &nbsp;- &nbsp; Chi nh&aacute;nh/Nh&agrave; m&aacute;y sản xuất: Cụm CN Y&ecirc;n B&igrave;nh, Th&ocirc;n Dục, X&atilde; Y&ecirc;n B&igrave;nh, Thạch Thất, TP. H&agrave; Nội</p>\r\n\r\n<p>&nbsp; &nbsp;- &nbsp; Điện thoại: 024.36454199 &nbsp; &nbsp; &nbsp; &nbsp; &nbsp; &nbsp; &nbsp; &nbsp; &nbsp; &nbsp; &nbsp; &nbsp; &nbsp; &nbsp; &nbsp; &nbsp; &nbsp; &nbsp;Fax: 042.635454199 &nbsp; &nbsp; &nbsp; &nbsp; &nbsp; &nbsp; &nbsp; &nbsp; &nbsp; &nbsp;</p>\r\n\r\n<p>&nbsp; &nbsp;- &nbsp; Email: contact@vitduct.com.vn &nbsp; &nbsp; &nbsp; &nbsp; &nbsp; &nbsp; &nbsp; &nbsp; &nbsp; &nbsp; &nbsp; &nbsp; &nbsp; &nbsp;Website: www.vitduct.com.vn</p>\r\n\r\n<p>&nbsp; &nbsp;- &nbsp; Người đại diện: &ocirc;ng Ho&agrave;ng Ngọc Chiến &nbsp; &nbsp; &nbsp; &nbsp; &nbsp; &nbsp;Chức vụ: Gi&aacute;m đốc.</p>\r\n\r\n<p>&nbsp; - &nbsp; M&atilde; số thuế: 0105361878</p>\r\n\r\n<p>&nbsp; - &nbsp; Biểu tượng/Logo:&nbsp;</p>\r\n\r\n<p>Biểu tượng/ Logo: Của thương hiệu: L&ograve; xo chống rung giảm chấn, Động cơ điều kiển van gi&oacute;, Tủ bảng điện:</p>\r\n\r\n<p><br />\r\nSự ra đời của C&ocirc;ng ty cổ phần VITDUCT ng&agrave;y c&agrave;ng khẳng định sự đa dạng ho&aacute; ng&agrave;nh nghề, đa dạng ho&aacute; sản phẩm, đa dạng h&oacute;a c&aacute;c lĩnh vực kinh doanh, tạo ra một lợi thế mới cũng như đ&oacute;ng g&oacute;p v&agrave;o sự ph&aacute;t triển chung v&agrave; bền vững.<br />\r\n- Chủ động trong qu&aacute; tr&igrave;nh điều h&agrave;nh c&aacute;c hoạt động sản xuất kinh doanh của C&ocirc;ng ty.<br />\r\n- Tăng cường tr&aacute;ch nhiệm, tự chịu tr&aacute;ch nhiệm đối với to&agrave;n bộ hoạt động sản xuất kinh doanh của C&ocirc;ng ty.<br />\r\n- Với đội ngũ nhận lực c&oacute; tr&igrave;nh độ v&agrave; kinh nghiệm từ c&aacute;c c&ocirc;ng ty lớn trong c&aacute;c ng&agrave;nh trọng điểm về tham gia đ&oacute;ng g&oacute;p x&acirc;y dựng C&ocirc;ng ty.<br />\r\nVới những l&yacute; do cấp thiết n&ecirc;u tr&ecirc;n, tại thời điểm hiện nay, việc th&agrave;nh lập C&ocirc;ng ty cổ phần VITDUCT l&agrave; cần thiết, ph&ugrave; hợp với lộ tr&igrave;nh ph&aacute;t triển tất yếu.</p>\r\n\r\n<p>I.&nbsp;&nbsp; &nbsp;NG&Agrave;NH NGHỀ KINH DOANH CH&Iacute;NH<br />\r\n1.&nbsp;&nbsp; &nbsp;Sản xuất, cung cấp lắp đặt hệ thống th&ocirc;ng gi&oacute;.<br />\r\n2.&nbsp;&nbsp; &nbsp;Sản xuất: Ống gi&oacute;, van gi&oacute;, cửa gi&oacute; v&agrave; phụ kiện hệ thống th&ocirc;ng gi&oacute;<br />\r\n3.&nbsp;&nbsp; &nbsp;Sản xuất: L&ograve; xo chống rung giảm chấn c&aacute;c loại<br />\r\n4.&nbsp;&nbsp; &nbsp;Mua b&aacute;n v&agrave; cung cấp lắp đặt điều h&ograve;a kh&ocirc;ng kh&iacute; c&aacute;c loại<br />\r\n5.&nbsp;&nbsp; &nbsp;Mua b&aacute;n v&agrave; cung cấp lắp đặt c&aacute;c hệ thống cơ điện (M&amp;E)<br />\r\n6.&nbsp;&nbsp; &nbsp;Bảo h&agrave;nh, bảo tr&igrave; c&aacute;c hệ thống cơ điện<br />\r\n7.&nbsp;&nbsp; &nbsp;Sản xuất, gia c&ocirc;ng c&aacute;c sản phẩm cơ kh&iacute;<br />\r\n8.&nbsp;&nbsp; &nbsp;Sản xuất, Lắp gi&aacute;p thang m&aacute;ng c&aacute;p v&agrave; tủ bảng điện</p>\r\n\r\n<p>- Vốn điều lệ: 20.000.000.000 đồng (Hai mươi tỷ đồng)<br />\r\nC&ocirc;ng ty cổ phần VITDUCT c&oacute; đủ năng lực nh&acirc;n sự, thiết bị v&agrave; kinh nghiệm trong hoạt động x&acirc;y dựng đủ điều kiện tham gia thi c&ocirc;ng c&aacute;c c&ocirc;ng tr&igrave;nh c&ocirc;ng nghiệp v&agrave; d&acirc;n dụng, kỹ thuật phức tạp, lập v&agrave; triển khai c&aacute;c dự &aacute;n đầu tư x&acirc;y dựng c&aacute;c c&ocirc;ng tr&igrave;nh giao th&ocirc;ng; c&aacute;c nh&agrave; m&aacute;y nhiệt điện v&agrave; c&aacute;c khu đ&ocirc; thị; khu tổ hợp dịch vụ với quy m&ocirc; lớn&hellip;<br />\r\nVới mục ti&ecirc;u c&ugrave;ng hợp t&aacute;c v&agrave; c&ugrave;ng ph&aacute;t triển bền vững, C&ocirc;ng ty lu&ocirc;n hướng tới hợp t&aacute;c li&ecirc;n doanh li&ecirc;n kết với c&aacute;c tổ chức trong v&agrave; ngo&agrave;i nước tr&ecirc;n tất cả c&aacute;c lĩnh vực x&acirc;y dựng, đầu tư, mua b&aacute;n kho&aacute;ng sản v&agrave; ph&aacute;t triển kinh tế.</p>\r\n\r\n<p>II. NĂNG LỰC NH&Acirc;N SỰ<br />\r\nTuy mới th&agrave;nh lập nhưng C&ocirc;ng ty đ&atilde; x&acirc;y dựng được bộ m&aacute;y quản l&yacute; với c&aacute;c vị tr&iacute; chủ chốt đầy kinh nghiệm, năng lực. Thu h&uacute;t được đội ngũ c&aacute;n bộ c&ocirc;ng nh&acirc;n c&oacute; chuy&ecirc;n m&ocirc;n, kinh nghiệm v&agrave; tinh thần tr&aacute;ch nhiệm, c&ugrave;ng nhau nỗ lực, đo&agrave;n kết cao trong c&ocirc;ng việc.<br />\r\nTổng số c&aacute;n bộ c&ocirc;ng nh&acirc;n vi&ecirc;n&nbsp;&nbsp; &nbsp;&nbsp;&nbsp; &nbsp;&nbsp;&nbsp; &nbsp;: 175 người.<br />\r\nTrong đ&oacute;:&nbsp;&nbsp; &nbsp;- Kỹ sư (kỹ thuật)&nbsp;&nbsp; &nbsp;&nbsp;&nbsp; &nbsp;&nbsp;&nbsp; &nbsp;: &nbsp;17 người&nbsp;&nbsp; &nbsp;&nbsp;&nbsp; &nbsp;<br />\r\n&nbsp;&nbsp; &nbsp;- Kinh tế&nbsp;&nbsp; &nbsp;&nbsp;&nbsp; &nbsp;&nbsp;&nbsp; &nbsp;: &nbsp; &nbsp;3 người<br />\r\n&nbsp;&nbsp; &nbsp;- Trung cấp, c&ocirc;ng nh&acirc;n kỹ thuật&nbsp;&nbsp; &nbsp;: 155 người<br />\r\nIII. TỔ CHỨC QUẢN L&Yacute; BỘ M&Aacute;Y<br />\r\n&nbsp;&nbsp; &nbsp;C&ocirc;ng ty cổ phần VITDUCT l&agrave; đơn vị hoạch to&aacute;n độc lập hoạt động theo Luật Doanh nghiệp v&agrave; c&aacute;c phương &aacute;n, kế hoạch sản xuất kinh doanh do Hội đồng Quản trị của C&ocirc;ng ty ph&ecirc; duyệt. Tổ chức hoạt động của c&ocirc;ng ty phải đảm bảo nguy&ecirc;n tắc chỉ đạo trực tiếp của Hội đồng Quản trị, Tổng gi&aacute;m đốc đến c&aacute;c th&agrave;nh vi&ecirc;n của C&ocirc;ng ty ở c&aacute;c lĩnh vực m&agrave; c&ocirc;ng ty hoạt động sản xuất kinh doanh.<br />\r\n1. Hội đồng quản trị: L&agrave; cơ quan quản l&yacute; C&ocirc;ng ty, c&oacute; quyền nh&acirc;n danh C&ocirc;ng ty quyết định c&aacute;c vấn đề c&oacute; li&ecirc;n quan đến mục đ&iacute;ch, quyền lợi của C&ocirc;ng ty.<br />\r\n2. Ban gi&aacute;m đốc: Bao gồm Gi&aacute;m đốc, c&aacute;c ph&oacute; gi&aacute;m đốc do hội đồng Quản trị bổ nhiệm v&agrave; c&oacute; c&aacute;c ph&ograve;ng chuy&ecirc;n m&ocirc;n gi&uacute;p việc. Ban Tổng gi&aacute;m đốc c&oacute; nhiệm vụ chủ yếu: Tổ chức thực hiện c&aacute;c quyết định của Hội đồng quản trị, điều h&agrave;nh v&agrave; chịu tr&aacute;ch nhiệm về mọi hoạt động kinh doanh của C&ocirc;ng ty theo nghị quyết, quyết định của hội đồng quản trị, điều lệ C&ocirc;ng ty v&agrave; theo c&aacute;c quy định của ph&aacute;p luật, tổ chức thực hiện c&aacute;c kế hoạch sản xuất kinh doanh v&agrave; c&aacute;c dự &aacute;n đầu tư của C&ocirc;ng ty v&agrave; c&aacute;c nhiệm vụ kh&aacute;c theo điều lệ. C&ocirc;ng ty c&oacute; c&aacute;c Ph&ograve;ng:<br />\r\n1- Ph&ograve;ng Tổ chức h&agrave;nh ch&iacute;nh.<br />\r\n2- Ph&ograve;ng Kỹ thuật thi c&ocirc;ng.<br />\r\n3- Ph&ograve;ng Kinh tế kế hoạch.<br />\r\n4- Ph&ograve;ng T&agrave;i ch&iacute;nh kế to&aacute;n.</p>\r\n\r\n<p>Căn cứ t&igrave;nh h&igrave;nh sản xuất kinh doanh v&agrave; sự ph&aacute;t triển thực tế của C&ocirc;ng ty, bộ m&aacute;y hoạt động của C&ocirc;ng ty được h&igrave;nh th&agrave;nh từng bước, c&oacute; thể thay đổi ph&ugrave; hợp với y&ecirc;u cầu nhiệm vụ trong từng giai đoạn. Sự ph&aacute;t triển của C&ocirc;ng ty tr&ecirc;n cơ sở tăng cường mức chuy&ecirc;n s&acirc;u v&agrave; quy m&ocirc; ng&agrave;nh nghề đảm nhận, đảm bảo sự ph&ugrave; hợp với sự ph&aacute;t triển chung.<br />\r\nNh&agrave; m&aacute;y sản xuất: Điểm c&ocirc;ng nghiệp Y&ecirc;n B&igrave;nh, X&atilde; Y&ecirc;n B&igrave;nh, Huyện Thạch Thất, TP H&agrave; Nội<br />\r\nNh&agrave; m&aacute;y được x&acirc;y dựng với qui m&ocirc; 4500m2 theo đ&uacute;ng ti&ecirc;u chuẩn c&ocirc;ng nghiệp. Được trang bị những m&aacute;y m&oacute;c, d&acirc;y truyền sản xuất ống gi&oacute; hiện đại nhất thế giới đến thời điểm hiện tại, như: D&acirc;y truyền sản xuất ống gi&oacute; tự động Auto line 5; M&aacute;y cắt Plasma CNC; m&aacute;y v&agrave;o ke tự động; M&aacute;y v&agrave;o m&iacute; tự động&hellip;Đảm bảo năng lực sản xuất 8,000 m2 Tole/ ng&agrave;y đ&ecirc;m đảm bảo chất lượng v&agrave; mỹ thuật cao. Với năng lực sản xuất n&agrave;y. C&ocirc;ng ty ho&agrave;n to&agrave;n c&oacute; đủ khả năng đ&aacute;p ứng c&aacute;c dự &aacute;n lớn.</p>\r\n\r\n<p>IV. QUI TR&Igrave;NH QUẢN L&Yacute; CHẤT LƯỢNG CỦA C&Ocirc;NG TY.<br />\r\nC&ocirc;ng ty cổ phần VITDUCTđược quản l&yacute; theo Qui tr&igrave;nh quản l&yacute; theo ISO 9001: 2015 &nbsp;<br />\r\n&nbsp;V. NGUY&Ecirc;N TẮC HOẠT ĐỘNG CỦA C&Ocirc;NG TY.<br />\r\n1.&nbsp;&nbsp; &nbsp;C&ocirc;ng ty cổ phần VITDUCT l&agrave; đơn vị hoạch to&aacute;n độc lập hoạt động theo luật doanh nghiệp, c&aacute;c phương &aacute;n, kế hoạch sản xuất kinh doanh do Hội đồng Quản trị của C&ocirc;ng ty ph&ecirc; duyệt v&agrave; tu&acirc;n thủ điều lệ tổ chức v&agrave; hoạt động của c&ocirc;ng ty cổ phần do c&aacute;c cổ đ&ocirc;ng s&aacute;ng lập c&ugrave;ng thống nhất.<br />\r\n2.&nbsp;&nbsp; &nbsp;C&aacute;c cổ đ&ocirc;ng c&ugrave;ng nhau chia sẻ lợi nhuận v&agrave; rủi ro cũng như c&aacute;c tr&aacute;ch nhiệm, nghĩa vụ t&agrave;i ch&iacute;nh- ph&aacute;p l&yacute; trong phạm vi vốn g&oacute;p của m&igrave;nh tại C&ocirc;ng ty cổ phần.<br />\r\n3.&nbsp;&nbsp; &nbsp;C&aacute;c nguy&ecirc;n tắc kh&aacute;c do Đại hội đồng cổ đ&ocirc;ng C&ocirc;ng ty hoặc Hội đồng Quản trị C&ocirc;ng ty quyết định.<br />\r\nLỜI KẾT&nbsp;<br />\r\n&nbsp;&nbsp; &nbsp;Với định hướng ph&aacute;t triển đ&uacute;ng đắn, sự điều h&agrave;nh của ban l&atilde;nh đạo đầy kinh nghiệm, đội ngũ c&aacute;n bộ nh&acirc;n vi&ecirc;n c&oacute; chuy&ecirc;n m&ocirc;n, c&ugrave;ng với những nổ lực kh&ocirc;ng ngừng nghỉ, C&ocirc;ng ty cổ phần VITDUCT phấn đấu trở th&agrave;nh một c&ocirc;ng ty ph&aacute;t triển lớn mạnh, giữ vững được uy t&iacute;n tr&ecirc;n thị trường trong nước v&agrave; quốc tế, g&oacute;p phần x&acirc;y dựng đất nước ph&aacute;t triển, phồn vinh.<br />\r\n&nbsp;</p>\r\n\r\n<p>&nbsp;</p>\r\n\r\n<p>&nbsp;</p>\r\n\r\n<p>&nbsp;</p>\r\n\r\n<p>&nbsp;</p>\r\n\r\n<p>&nbsp;</p>\r\n\r\n<p>&nbsp;</p>\r\n\r\n<p>&nbsp;</p>\r\n\r\n<p>&nbsp;</p>\r\n\r\n<p>&nbsp;</p>\r\n\r\n<p>&nbsp;</p>\r\n\r\n<p>&nbsp;</p>\r\n\r\n<p>&nbsp;</p>\r\n\r\n<p>&nbsp;</p>\r\n\r\n<p>&nbsp;</p>\r\n\r\n<p>&nbsp;</p>\r\n\r\n<p>&nbsp;</p>\r\n\r\n<p>&nbsp;</p>\r\n\r\n<p>&nbsp;</p>\r\n\r\n<p>&nbsp;</p>\r\n\r\n<p>&nbsp;</p>\r\n\r\n<p>&nbsp;</p>\r\n\r\n<p>&nbsp;</p>\r\n\r\n<p>&nbsp;</p>\r\n\r\n<p>&nbsp;</p>\r\n\r\n<p>&nbsp;</p>\r\n\r\n<p>&nbsp;</p>\r\n\r\n<p>&nbsp;</p>\r\n\r\n<p>&nbsp;</p>\r\n\r\n<p>&nbsp;</p>\r\n\r\n<p>&nbsp;</p>\r\n\r\n<p>&nbsp;</p>\r\n\r\n<p>&nbsp;</p>\r\n\r\n<p>&nbsp;</p>\r\n\r\n<p>&nbsp;</p>\r\n\r\n<p>&nbsp;</p>\r\n\r\n<p>&nbsp;</p>\r\n\r\n<p>&nbsp;</p>\r\n\r\n<p>&nbsp;</p>\r\n\r\n<p>&nbsp;</p>\r\n\r\n<p>&nbsp;</p>\r\n\r\n<p>&nbsp;</p>\r\n\r\n<p>&nbsp;</p>\r\n\r\n<p>&nbsp;</p>\r\n\r\n<p>&nbsp;</p>\r\n\r\n<p>&nbsp;</p>', 0, 0, 16, 1, 16, 4, 1, '0', '2019-02-21 20:39:50', '2019-02-21 20:39:50'),
(150, 'About us', 'About us', '<h2>GIỚI THIỆU CHUNG</h2>\r\n\r\n<h1><br />\r\nC&Ocirc;NG TY CỔ PHẦN VITDUCT</h1>\r\n\r\n<p><br />\r\n&nbsp; &nbsp;- &nbsp; &nbsp;T&ecirc;n giao dịch tiếng Việt: C&ocirc;ng ty Cổ phần VITDUCT&nbsp;</p>\r\n\r\n<p>&nbsp; &nbsp; &nbsp; &nbsp; &nbsp; (T&ecirc;n cũ: C&ocirc;ng ty CP Đầu tư x&acirc;y lắp v&agrave; Thương mại Việt Nam)</p>\r\n\r\n<p>&nbsp; &nbsp;- &nbsp; T&ecirc;n giao dịch tiếng Anh: VITDUCT JSC</p>\r\n\r\n<p>&nbsp; &nbsp;- &nbsp; T&ecirc;n viết tắt: VITDUCT</p>\r\n\r\n<p>&nbsp; &nbsp;- &nbsp; &nbsp;Địa chỉ đăng k&yacute; kinh doanh: Số 14, Ngh&aacute;ch 30, Ng&otilde; 192, Phố Y&ecirc;n Duy&ecirc;n, P.Y&ecirc;n Sở, Q.Ho&agrave;ng Mai, TP. H&agrave; Nội</p>\r\n\r\n<p>&nbsp; &nbsp;- &nbsp; &nbsp;Văn ph&ograve;ng giao dịch: Số NV43, Khu ĐTM Trung Văn, Đường Tố Hữu, Nam Từ Li&ecirc;m, H&agrave; Nội</p>\r\n\r\n<p>&nbsp; &nbsp;- &nbsp; Chi nh&aacute;nh/Nh&agrave; m&aacute;y sản xuất: Cụm CN Y&ecirc;n B&igrave;nh, Th&ocirc;n Dục, X&atilde; Y&ecirc;n B&igrave;nh, Thạch Thất, TP. H&agrave; Nội</p>\r\n\r\n<p>&nbsp; &nbsp;- &nbsp; Điện thoại: 024.36454199 &nbsp; &nbsp; &nbsp; &nbsp; &nbsp; &nbsp; &nbsp; &nbsp; &nbsp; &nbsp; &nbsp; &nbsp; &nbsp; &nbsp; &nbsp; &nbsp; &nbsp; &nbsp;Fax: 042.635454199 &nbsp; &nbsp; &nbsp; &nbsp; &nbsp; &nbsp; &nbsp; &nbsp; &nbsp; &nbsp;</p>\r\n\r\n<p>&nbsp; &nbsp;- &nbsp; Email: contact@vitduct.com.vn &nbsp; &nbsp; &nbsp; &nbsp; &nbsp; &nbsp; &nbsp; &nbsp; &nbsp; &nbsp; &nbsp; &nbsp; &nbsp; &nbsp;Website: www.vitduct.com.vn</p>\r\n\r\n<p>&nbsp; &nbsp;- &nbsp; Người đại diện: &ocirc;ng Ho&agrave;ng Ngọc Chiến &nbsp; &nbsp; &nbsp; &nbsp; &nbsp; &nbsp;Chức vụ: Gi&aacute;m đốc.</p>\r\n\r\n<p>&nbsp; - &nbsp; M&atilde; số thuế: 0105361878</p>\r\n\r\n<p>&nbsp; - &nbsp; Biểu tượng/Logo:&nbsp;</p>\r\n\r\n<p>Biểu tượng/ Logo: Của thương hiệu: L&ograve; xo chống rung giảm chấn, Động cơ điều kiển van gi&oacute;, Tủ bảng điện:</p>\r\n\r\n<p><br />\r\nSự ra đời của C&ocirc;ng ty cổ phần VITDUCT ng&agrave;y c&agrave;ng khẳng định sự đa dạng ho&aacute; ng&agrave;nh nghề, đa dạng ho&aacute; sản phẩm, đa dạng h&oacute;a c&aacute;c lĩnh vực kinh doanh, tạo ra một lợi thế mới cũng như đ&oacute;ng g&oacute;p v&agrave;o sự ph&aacute;t triển chung v&agrave; bền vững.<br />\r\n- Chủ động trong qu&aacute; tr&igrave;nh điều h&agrave;nh c&aacute;c hoạt động sản xuất kinh doanh của C&ocirc;ng ty.<br />\r\n- Tăng cường tr&aacute;ch nhiệm, tự chịu tr&aacute;ch nhiệm đối với to&agrave;n bộ hoạt động sản xuất kinh doanh của C&ocirc;ng ty.<br />\r\n- Với đội ngũ nhận lực c&oacute; tr&igrave;nh độ v&agrave; kinh nghiệm từ c&aacute;c c&ocirc;ng ty lớn trong c&aacute;c ng&agrave;nh trọng điểm về tham gia đ&oacute;ng g&oacute;p x&acirc;y dựng C&ocirc;ng ty.<br />\r\nVới những l&yacute; do cấp thiết n&ecirc;u tr&ecirc;n, tại thời điểm hiện nay, việc th&agrave;nh lập C&ocirc;ng ty cổ phần VITDUCT l&agrave; cần thiết, ph&ugrave; hợp với lộ tr&igrave;nh ph&aacute;t triển tất yếu.</p>\r\n\r\n<p>I.&nbsp;&nbsp; &nbsp;NG&Agrave;NH NGHỀ KINH DOANH CH&Iacute;NH<br />\r\n1.&nbsp;&nbsp; &nbsp;Sản xuất, cung cấp lắp đặt hệ thống th&ocirc;ng gi&oacute;.<br />\r\n2.&nbsp;&nbsp; &nbsp;Sản xuất: Ống gi&oacute;, van gi&oacute;, cửa gi&oacute; v&agrave; phụ kiện hệ thống th&ocirc;ng gi&oacute;<br />\r\n3.&nbsp;&nbsp; &nbsp;Sản xuất: L&ograve; xo chống rung giảm chấn c&aacute;c loại<br />\r\n4.&nbsp;&nbsp; &nbsp;Mua b&aacute;n v&agrave; cung cấp lắp đặt điều h&ograve;a kh&ocirc;ng kh&iacute; c&aacute;c loại<br />\r\n5.&nbsp;&nbsp; &nbsp;Mua b&aacute;n v&agrave; cung cấp lắp đặt c&aacute;c hệ thống cơ điện (M&amp;E)<br />\r\n6.&nbsp;&nbsp; &nbsp;Bảo h&agrave;nh, bảo tr&igrave; c&aacute;c hệ thống cơ điện<br />\r\n7.&nbsp;&nbsp; &nbsp;Sản xuất, gia c&ocirc;ng c&aacute;c sản phẩm cơ kh&iacute;<br />\r\n8.&nbsp;&nbsp; &nbsp;Sản xuất, Lắp gi&aacute;p thang m&aacute;ng c&aacute;p v&agrave; tủ bảng điện</p>\r\n\r\n<p>- Vốn điều lệ: 20.000.000.000 đồng (Hai mươi tỷ đồng)<br />\r\nC&ocirc;ng ty cổ phần VITDUCT c&oacute; đủ năng lực nh&acirc;n sự, thiết bị v&agrave; kinh nghiệm trong hoạt động x&acirc;y dựng đủ điều kiện tham gia thi c&ocirc;ng c&aacute;c c&ocirc;ng tr&igrave;nh c&ocirc;ng nghiệp v&agrave; d&acirc;n dụng, kỹ thuật phức tạp, lập v&agrave; triển khai c&aacute;c dự &aacute;n đầu tư x&acirc;y dựng c&aacute;c c&ocirc;ng tr&igrave;nh giao th&ocirc;ng; c&aacute;c nh&agrave; m&aacute;y nhiệt điện v&agrave; c&aacute;c khu đ&ocirc; thị; khu tổ hợp dịch vụ với quy m&ocirc; lớn&hellip;<br />\r\nVới mục ti&ecirc;u c&ugrave;ng hợp t&aacute;c v&agrave; c&ugrave;ng ph&aacute;t triển bền vững, C&ocirc;ng ty lu&ocirc;n hướng tới hợp t&aacute;c li&ecirc;n doanh li&ecirc;n kết với c&aacute;c tổ chức trong v&agrave; ngo&agrave;i nước tr&ecirc;n tất cả c&aacute;c lĩnh vực x&acirc;y dựng, đầu tư, mua b&aacute;n kho&aacute;ng sản v&agrave; ph&aacute;t triển kinh tế.</p>\r\n\r\n<p>II. NĂNG LỰC NH&Acirc;N SỰ<br />\r\nTuy mới th&agrave;nh lập nhưng C&ocirc;ng ty đ&atilde; x&acirc;y dựng được bộ m&aacute;y quản l&yacute; với c&aacute;c vị tr&iacute; chủ chốt đầy kinh nghiệm, năng lực. Thu h&uacute;t được đội ngũ c&aacute;n bộ c&ocirc;ng nh&acirc;n c&oacute; chuy&ecirc;n m&ocirc;n, kinh nghiệm v&agrave; tinh thần tr&aacute;ch nhiệm, c&ugrave;ng nhau nỗ lực, đo&agrave;n kết cao trong c&ocirc;ng việc.<br />\r\nTổng số c&aacute;n bộ c&ocirc;ng nh&acirc;n vi&ecirc;n&nbsp;&nbsp; &nbsp;&nbsp;&nbsp; &nbsp;&nbsp;&nbsp; &nbsp;: 175 người.<br />\r\nTrong đ&oacute;:&nbsp;&nbsp; &nbsp;- Kỹ sư (kỹ thuật)&nbsp;&nbsp; &nbsp;&nbsp;&nbsp; &nbsp;&nbsp;&nbsp; &nbsp;: &nbsp;17 người&nbsp;&nbsp; &nbsp;&nbsp;&nbsp; &nbsp;<br />\r\n&nbsp;&nbsp; &nbsp;- Kinh tế&nbsp;&nbsp; &nbsp;&nbsp;&nbsp; &nbsp;&nbsp;&nbsp; &nbsp;: &nbsp; &nbsp;3 người<br />\r\n&nbsp;&nbsp; &nbsp;- Trung cấp, c&ocirc;ng nh&acirc;n kỹ thuật&nbsp;&nbsp; &nbsp;: 155 người<br />\r\nIII. TỔ CHỨC QUẢN L&Yacute; BỘ M&Aacute;Y<br />\r\n&nbsp;&nbsp; &nbsp;C&ocirc;ng ty cổ phần VITDUCT l&agrave; đơn vị hoạch to&aacute;n độc lập hoạt động theo Luật Doanh nghiệp v&agrave; c&aacute;c phương &aacute;n, kế hoạch sản xuất kinh doanh do Hội đồng Quản trị của C&ocirc;ng ty ph&ecirc; duyệt. Tổ chức hoạt động của c&ocirc;ng ty phải đảm bảo nguy&ecirc;n tắc chỉ đạo trực tiếp của Hội đồng Quản trị, Tổng gi&aacute;m đốc đến c&aacute;c th&agrave;nh vi&ecirc;n của C&ocirc;ng ty ở c&aacute;c lĩnh vực m&agrave; c&ocirc;ng ty hoạt động sản xuất kinh doanh.<br />\r\n1. Hội đồng quản trị: L&agrave; cơ quan quản l&yacute; C&ocirc;ng ty, c&oacute; quyền nh&acirc;n danh C&ocirc;ng ty quyết định c&aacute;c vấn đề c&oacute; li&ecirc;n quan đến mục đ&iacute;ch, quyền lợi của C&ocirc;ng ty.<br />\r\n2. Ban gi&aacute;m đốc: Bao gồm Gi&aacute;m đốc, c&aacute;c ph&oacute; gi&aacute;m đốc do hội đồng Quản trị bổ nhiệm v&agrave; c&oacute; c&aacute;c ph&ograve;ng chuy&ecirc;n m&ocirc;n gi&uacute;p việc. Ban Tổng gi&aacute;m đốc c&oacute; nhiệm vụ chủ yếu: Tổ chức thực hiện c&aacute;c quyết định của Hội đồng quản trị, điều h&agrave;nh v&agrave; chịu tr&aacute;ch nhiệm về mọi hoạt động kinh doanh của C&ocirc;ng ty theo nghị quyết, quyết định của hội đồng quản trị, điều lệ C&ocirc;ng ty v&agrave; theo c&aacute;c quy định của ph&aacute;p luật, tổ chức thực hiện c&aacute;c kế hoạch sản xuất kinh doanh v&agrave; c&aacute;c dự &aacute;n đầu tư của C&ocirc;ng ty v&agrave; c&aacute;c nhiệm vụ kh&aacute;c theo điều lệ. C&ocirc;ng ty c&oacute; c&aacute;c Ph&ograve;ng:<br />\r\n1- Ph&ograve;ng Tổ chức h&agrave;nh ch&iacute;nh.<br />\r\n2- Ph&ograve;ng Kỹ thuật thi c&ocirc;ng.<br />\r\n3- Ph&ograve;ng Kinh tế kế hoạch.<br />\r\n4- Ph&ograve;ng T&agrave;i ch&iacute;nh kế to&aacute;n.</p>\r\n\r\n<p>Căn cứ t&igrave;nh h&igrave;nh sản xuất kinh doanh v&agrave; sự ph&aacute;t triển thực tế của C&ocirc;ng ty, bộ m&aacute;y hoạt động của C&ocirc;ng ty được h&igrave;nh th&agrave;nh từng bước, c&oacute; thể thay đổi ph&ugrave; hợp với y&ecirc;u cầu nhiệm vụ trong từng giai đoạn. Sự ph&aacute;t triển của C&ocirc;ng ty tr&ecirc;n cơ sở tăng cường mức chuy&ecirc;n s&acirc;u v&agrave; quy m&ocirc; ng&agrave;nh nghề đảm nhận, đảm bảo sự ph&ugrave; hợp với sự ph&aacute;t triển chung.<br />\r\nNh&agrave; m&aacute;y sản xuất: Điểm c&ocirc;ng nghiệp Y&ecirc;n B&igrave;nh, X&atilde; Y&ecirc;n B&igrave;nh, Huyện Thạch Thất, TP H&agrave; Nội<br />\r\nNh&agrave; m&aacute;y được x&acirc;y dựng với qui m&ocirc; 4500m2 theo đ&uacute;ng ti&ecirc;u chuẩn c&ocirc;ng nghiệp. Được trang bị những m&aacute;y m&oacute;c, d&acirc;y truyền sản xuất ống gi&oacute; hiện đại nhất thế giới đến thời điểm hiện tại, như: D&acirc;y truyền sản xuất ống gi&oacute; tự động Auto line 5; M&aacute;y cắt Plasma CNC; m&aacute;y v&agrave;o ke tự động; M&aacute;y v&agrave;o m&iacute; tự động&hellip;Đảm bảo năng lực sản xuất 8,000 m2 Tole/ ng&agrave;y đ&ecirc;m đảm bảo chất lượng v&agrave; mỹ thuật cao. Với năng lực sản xuất n&agrave;y. C&ocirc;ng ty ho&agrave;n to&agrave;n c&oacute; đủ khả năng đ&aacute;p ứng c&aacute;c dự &aacute;n lớn.</p>\r\n\r\n<p>IV. QUI TR&Igrave;NH QUẢN L&Yacute; CHẤT LƯỢNG CỦA C&Ocirc;NG TY.<br />\r\nC&ocirc;ng ty cổ phần VITDUCTđược quản l&yacute; theo Qui tr&igrave;nh quản l&yacute; theo ISO 9001: 2015 &nbsp;<br />\r\n&nbsp;V. NGUY&Ecirc;N TẮC HOẠT ĐỘNG CỦA C&Ocirc;NG TY.<br />\r\n1.&nbsp;&nbsp; &nbsp;C&ocirc;ng ty cổ phần VITDUCT l&agrave; đơn vị hoạch to&aacute;n độc lập hoạt động theo luật doanh nghiệp, c&aacute;c phương &aacute;n, kế hoạch sản xuất kinh doanh do Hội đồng Quản trị của C&ocirc;ng ty ph&ecirc; duyệt v&agrave; tu&acirc;n thủ điều lệ tổ chức v&agrave; hoạt động của c&ocirc;ng ty cổ phần do c&aacute;c cổ đ&ocirc;ng s&aacute;ng lập c&ugrave;ng thống nhất.<br />\r\n2.&nbsp;&nbsp; &nbsp;C&aacute;c cổ đ&ocirc;ng c&ugrave;ng nhau chia sẻ lợi nhuận v&agrave; rủi ro cũng như c&aacute;c tr&aacute;ch nhiệm, nghĩa vụ t&agrave;i ch&iacute;nh- ph&aacute;p l&yacute; trong phạm vi vốn g&oacute;p của m&igrave;nh tại C&ocirc;ng ty cổ phần.<br />\r\n3.&nbsp;&nbsp; &nbsp;C&aacute;c nguy&ecirc;n tắc kh&aacute;c do Đại hội đồng cổ đ&ocirc;ng C&ocirc;ng ty hoặc Hội đồng Quản trị C&ocirc;ng ty quyết định.<br />\r\nLỜI KẾT&nbsp;<br />\r\n&nbsp;&nbsp; &nbsp;Với định hướng ph&aacute;t triển đ&uacute;ng đắn, sự điều h&agrave;nh của ban l&atilde;nh đạo đầy kinh nghiệm, đội ngũ c&aacute;n bộ nh&acirc;n vi&ecirc;n c&oacute; chuy&ecirc;n m&ocirc;n, c&ugrave;ng với những nổ lực kh&ocirc;ng ngừng nghỉ, C&ocirc;ng ty cổ phần VITDUCT phấn đấu trở th&agrave;nh một c&ocirc;ng ty ph&aacute;t triển lớn mạnh, giữ vững được uy t&iacute;n tr&ecirc;n thị trường trong nước v&agrave; quốc tế, g&oacute;p phần x&acirc;y dựng đất nước ph&aacute;t triển, phồn vinh.<br />\r\n&nbsp;</p>\r\n\r\n<p>&nbsp;</p>\r\n\r\n<p>&nbsp;</p>\r\n\r\n<p>&nbsp;</p>\r\n\r\n<p>&nbsp;</p>\r\n\r\n<p>&nbsp;</p>\r\n\r\n<p>&nbsp;</p>\r\n\r\n<p>&nbsp;</p>\r\n\r\n<p>&nbsp;</p>\r\n\r\n<p>&nbsp;</p>\r\n\r\n<p>&nbsp;</p>\r\n\r\n<p>&nbsp;</p>\r\n\r\n<p>&nbsp;</p>\r\n\r\n<p>&nbsp;</p>\r\n\r\n<p>&nbsp;</p>\r\n\r\n<p>&nbsp;</p>\r\n\r\n<p>&nbsp;</p>\r\n\r\n<p>&nbsp;</p>\r\n\r\n<p>&nbsp;</p>\r\n\r\n<p>&nbsp;</p>\r\n\r\n<p>&nbsp;</p>\r\n\r\n<p>&nbsp;</p>\r\n\r\n<p>&nbsp;</p>\r\n\r\n<p>&nbsp;</p>\r\n\r\n<p>&nbsp;</p>\r\n\r\n<p>&nbsp;</p>\r\n\r\n<p>&nbsp;</p>\r\n\r\n<p>&nbsp;</p>\r\n\r\n<p>&nbsp;</p>\r\n\r\n<p>&nbsp;</p>\r\n\r\n<p>&nbsp;</p>\r\n\r\n<p>&nbsp;</p>\r\n\r\n<p>&nbsp;</p>\r\n\r\n<p>&nbsp;</p>\r\n\r\n<p>&nbsp;</p>\r\n\r\n<p>&nbsp;</p>\r\n\r\n<p>&nbsp;</p>\r\n\r\n<p>&nbsp;</p>\r\n\r\n<p>&nbsp;</p>\r\n\r\n<p>&nbsp;</p>\r\n\r\n<p>&nbsp;</p>\r\n\r\n<p>&nbsp;</p>\r\n\r\n<p>&nbsp;</p>\r\n\r\n<p>&nbsp;</p>\r\n\r\n<p>&nbsp;</p>\r\n\r\n<p>&nbsp;</p>', 0, 0, 16, 1, 16, 4, 1, '0', '2019-02-21 20:40:12', '2019-02-21 20:40:12'),
(151, 'About us', 'About us', '<p>&lt;h2 style=&quot;text-align: center;&quot;&gt;<br />\r\n&lt;span style=&quot;color: red; font-size: x-large;&quot;&gt;<br />\r\nGIỚI THIỆU CHUNG&lt;/span&gt;&lt;/h2&gt;</p>', 0, 0, 16, 1, 16, 4, 1, '0', '2019-02-21 20:50:40', '2019-02-21 20:50:40'),
(152, 'Catalogue ống gió, van gió, cửa gió VITDUCT - 2019', 'https://drive.google.com/file/d/119t-7162Tw4dgI8lmKSYQPTvt47oG6CL/view?usp=sharing', '', 0, 0, 11, 0, 12, 4, 1, '0', '2019-04-08 19:32:21', '2019-09-25 21:31:34'),
(153, 'About us', 'About us', '<p><img alt=\"\" src=\"http://vitduct.com.vn/storage/app/public/uploads/images/0001.jpg\" style=\"height:1200px; width:848px\" /></p>\r\n\r\n<p>Ch&agrave;o mừng Qu&yacute; kh&aacute;ch tới thăm website Vitduct.com.vn</p>', 0, 0, 16, 1, 16, 4, 1, '0', '2019-04-10 21:59:01', '2019-04-10 21:59:01'),
(160, 'Cửa đổi hướng gió dàn nóng điều hòa: V-FFD', 'Cửa gió đổi chiều dàn nóng điều hòa', '<h2>Cửa đổi hướng gi&oacute; d&agrave;n n&oacute;ng điều h&ograve;a: V-FFD</h2>\r\n\r\n<p><img alt=\"\" src=\"http://vitduct.com.vn/storage/app/public/uploads/images/C%E1%BB%ADa%20%C4%91%E1%BB%95i%20chi%E1%BB%81u%20gi%C3%B3%20d%C3%A0n%20n%C3%B3ng%20%C4%91i%E1%BB%81u%20h%C3%B2a%201_1(4).jpg\" style=\"height:267px; width:400px\" /><img alt=\"\" src=\"http://vitduct.com.vn/storage/app/public/uploads/images/C%E1%BB%ADa%20%C4%91%E1%BB%95i%20chi%E1%BB%81u%20gi%C3%B3%20d%C3%A0n%20n%C3%B3ng%20%C4%91i%E1%BB%81u%20h%C3%B2a%201_2(3).jpg\" style=\"height:267px; width:400px\" /></p>\r\n\r\n<p><strong>* Đặc điểm sử dụng:</strong><br />\r\n- Cửa đổi hướng d&agrave;n n&oacute;ng của VlTDUCT l&agrave; một phụ kiện lắp trực tiếp v&agrave;o d&agrave;n n&oacute;ng điều h&ograve;a nhằm gi&uacute;p người d&ugrave;ng c&oacute; thể điều chỉnh được hướng gi&oacute; từ d&agrave;n n&oacute;ng điều h&ograve;a sang một hướng kh&aacute;c đồng thời đ&acirc;y cũng l&agrave; một giải ph&aacute;p tuyệt vời cho c&aacute;c đ&agrave;n n&oacute;ng điều h&ograve;a phải lắp đặt trong c&aacute;c hộ gia đ&igrave;nh c&oacute;&nbsp;kh&ocirc;ng gian hẹp căn hộ, chung cư hoặc lắp<br />\r\nnhiều m&aacute;y điều h&ograve;a trong 1 diện t&iacute;ch nhỏ hoặc d&agrave;n n&oacute;ng lắp tr&ecirc;n cao chịu trực tiếp c&aacute;c d&ograve;ng gi&oacute; mạnh, khiến hơi n&oacute;ng kh&ocirc;ng tho&aacute;t đi được g&acirc;y qu&aacute; nhiệt cục bộ d&agrave;n n&oacute;ng, m&aacute;y điều h&ograve;a phải l&agrave;m việc trong điều kiện t&agrave;i nhiệt cao, nhiệt độ cao dẫn đến ti&ecirc;u tốn điện nhiều hơn v&agrave; tuổi thọ m&aacute;y n&eacute;n s&uacute;t giảm nhanh ch&oacute;ng.</p>\r\n\r\n<p>- Gi&uacute;p&nbsp;ban lấy lại kh&ocirc;ng gian ban c&ocirc;ng, để h&oacute;ng m&aacute;t, trồng c&acirc;y, thưgi&atilde;n... bất cứ l&uacute;c n&agrave;o!</p>\r\n\r\n<p>- Mặt nạ chuyển được 4 hướng, hơi n&oacute;ng bay theo hướng t&ugrave;y theo lựa chọn của bạn.</p>\r\n\r\n<p>- Sản phẩm v&ocirc; c&ugrave;ng hiệu quả, kh&ocirc;ng ảnh hướng đến hoạt động của m&aacute;y lạnh điều h&ograve;a kh&ocirc;ng kh&iacute;</p>\r\n\r\n<p>-&nbsp;Dễ d&agrave;ng lắp đặt, c&oacute; nhiều k&iacute;ch cỡ ph&ugrave; hợp với d&agrave;n n&oacute;ng nh&agrave; bạn.</p>\r\n\r\n<p><strong>* Vật liệu m&agrave;u sắc:</strong><br />\r\n- Khung được l&agrave;m bằng th&eacute;p sơn tĩnh điện.</p>\r\n\r\n<p>- Được sơn tĩnh&nbsp;điện m&agrave;u trắng, m&agrave;u sắc kh&aacute;c theo y&ecirc;u cầu của qu&yacute; kh&aacute;ch h&agrave;ng.</p>\r\n\r\n<p><img alt=\"\" src=\"http://vitduct.com.vn/storage/app/public/uploads/images/cua-doi-huong-gio-dan-nong-dieu-hoa_result.jpg\" style=\"height:543px; width:1000px\" /></p>\r\n\r\n<p><img alt=\"\" src=\"http://vitduct.com.vn/storage/app/public/uploads/images/cua-doi-huong-gio-dan-nong-dieu-hoa-1_result.jpg\" style=\"height:403px; width:1000px\" /></p>\r\n\r\n<p>&nbsp;</p>', 0, 0, 1, 1, 5, 4, 1, '0', '2019-06-30 21:30:33', '2020-01-09 19:27:26');
INSERT INTO `posts` (`id`, `title`, `description`, `content`, `viewed`, `votes`, `parent`, `type`, `categorieID`, `userID`, `sttesign`, `price`, `created_at`, `updated_at`) VALUES
(161, 'Cửa gió nan thẳng một lớp (Nan bầu dục): V-SAG', 'Cửa gió đổi chiều dàn nóng điều hòa', '<h2>Cửa gi&oacute; nan thẳng một lớp (Nan bầu dục): V-SAG</h2>\r\n\r\n<p><img alt=\"\" src=\"http://vitduct.com.vn/storage/app/public/uploads/images/C%E1%BB%ADa%20gi%C3%B3%20nan%20b%E1%BA%A7u%20d%E1%BB%A5c%201%20l%E1%BB%9Bp%201_2(1).jpg\" style=\"height:267px; width:400px\" /><img alt=\"\" src=\"http://vitduct.com.vn/storage/app/public/uploads/images/C%E1%BB%ADa%20gi%C3%B3%20nan%20b%E1%BA%A7u%20d%E1%BB%A5c%201%20l%E1%BB%9Bp%201_1(2).jpg\" style=\"height:267px; width:400px\" /></p>\r\n\r\n<p><big><strong>* Đặc điểm sử dụng:</strong><br />\r\n- Cửa gi&oacute; nan thắng của VlTDUCT thường được sử dụng cho hệ thống hồi gi&oacute;, trong một số trường hợp đặc biệt c&oacute; thể sử dụng cho hệ thống cấp gi&oacute;. Loại cửa n&agrave;y thường được lắp tr&ecirc;n trần, v&aacute;ch tường hoặc lắp trực tiếp v&agrave;o ống gi&oacute;. Ch&uacute;ng t&ocirc;i c&oacute; hai loại l&agrave; cửa gi&oacute; nan bầu dục v&agrave; nan cong. - Được sử dụng l&agrave;m cửa gi&oacute; hồi hoặc cửa gi&oacute; cấp kh&iacute; tươi&nbsp;khi y&ecirc;u cầu mỹ thuật c&ocirc;ng tr&igrave;nh.<br />\r\n- Được&nbsp;lắp tr&ecirc;n tường hoặc trực tiếp tr&ecirc;n đường ống.<br />\r\n- C&oacute;&nbsp;thể gắn k&egrave;m theo lưới lọc bụi hoặc lưới chắn c&ocirc;n tr&ugrave;ng. Nếu c&oacute; lưới lọc bụi sẽ c&oacute; th&ecirc;m k&yacute; hiệu l&agrave;: F; Nếu c&oacute; lưới chắn c&ocirc;n tr&ugrave;ng sẽ c&oacute; th&ecirc;m k&yacute; hiệu l&agrave;: LCCC (Inox).<br />\r\n- C&aacute;nh c&oacute; thể điều&nbsp;chỉ nh với g&oacute;c độ tuỳ theo y&ecirc;u cầu sử dụng</big></p>\r\n\r\n<p><big><strong>* Vật liệu v&agrave; m&agrave;u sắc:</strong><br />\r\n- C&aacute;nh được l&agrave;m từ nh&ocirc;m định h&igrave;nh để đảm bảo mỹ thuật c&ocirc;ng tr&igrave;nh.<br />\r\n-&nbsp; Khung được l&agrave;m từ nh&ocirc;m định h&igrave;nh c&oacute; g&acirc;n tăng cứng v&agrave; gờ tạo khung mỹ thuật cao.<br />\r\n- Được&nbsp;sơn tĩnh điện m&agrave;u trắng, m&agrave;u sắc kh&aacute;c theo y&ecirc;u cầu của qu&yacute; kh&aacute;ch h&agrave;ng.</big></p>\r\n\r\n<p><big>&nbsp;<img alt=\"\" src=\"http://vitduct.com.vn/storage/app/public/uploads/images/cua-nan-gio-thang-1-lop_result.jpg\" style=\"height:579px; width:1000px\" /></big></p>\r\n\r\n<p><big><img alt=\"\" src=\"http://vitduct.com.vn/storage/app/public/uploads/images/cua-nan-gio-thang-1-lop-1_result.jpg\" style=\"height:755px; width:1000px\" /></big></p>\r\n\r\n<p><big><img alt=\"\" src=\"http://vitduct.com.vn/storage/app/public/uploads/images/cua-nan-gio-thang-1-lop-2_result.jpg\" style=\"height:477px; width:1000px\" /></big></p>', 0, 0, 1, 1, 5, 4, 1, '0', '2019-06-30 23:45:55', '2019-12-13 02:43:32'),
(162, 'Chính sách đổi trả bảo hành', 'Chính sách đổi trả bảo hành', '<h3><strong>C&Ocirc;NG TY CỔ PHẦN VITDUCT</strong></h3>\r\n\r\n<p>&nbsp;</p>\r\n\r\n<p>1) Đặt h&agrave;ng</p>\r\n\r\n<p>- Kh&aacute;ch h&agrave;ng li&ecirc;n hệ qua Email:&nbsp;contact@vitduct.com.vn hoặc li&ecirc;n hệ trực tiếp qua số Hotline: 0242.269.9595.</p>\r\n\r\n<p>&nbsp;</p>\r\n\r\n<p>2) H&igrave;nh thức thanh to&aacute;n</p>\r\n\r\n<p>- Kh&aacute;ch h&agrave;ng c&oacute; thể thanh to&aacute;n đơn h&agrave;ng bằng phương thức thanh to&aacute;n tiền mặt khi nhận h&agrave;ng hoặc chuyển khoản đối với những đơn h&agrave;ng lớn.</p>\r\n\r\n<p>&nbsp;</p>\r\n\r\n<p>3) Nhận h&agrave;ng v&agrave; kiểm tra h&agrave;ng</p>\r\n\r\n<p>- Kh&aacute;ch h&agrave;ng được quyền kiểm tra h&agrave;ng trước khi nhận h&agrave;ng.</p>\r\n\r\n<p>- Nếu ph&aacute;t hiện sản phẩm kh&ocirc;ng đ&uacute;ng th&igrave; kh&aacute;ch h&agrave;ng c&oacute; quyền từ chối nhận h&agrave;ng.</p>\r\n\r\n<p>&nbsp;</p>\r\n\r\n<p>4) Ch&iacute;nh s&aacute;ch bảo h&agrave;nh:</p>\r\n\r\n<p>Thời gian bảo h&agrave;nh: 12 th&aacute;ng v&agrave; được thể hiện tr&ecirc;n Phiếu bảo h&agrave;nh tại thời điểm b&agrave;n giao h&agrave;ng h&oacute;a ( Nếu c&oacute; lỗi của nh&agrave; sản xuất)</p>', 0, 0, 24, 1, 24, 1, 1, '0', '2019-07-02 06:54:58', '2019-07-02 06:54:58'),
(163, 'Chính sách bảo mật', 'Chính sách bảo mật', '<p>Việc thu thập dữ liệu chủ yếu tr&ecirc;n website bao gồm: email, điện thoại, t&ecirc;n đăng nhập, mật khẩu đăng nhập, địa chỉ của kh&aacute;ch h&agrave;ng<br />\r\nVitduct chỉ lưu giữ th&ocirc;ng tin chi tiết về đơn h&agrave;ng&nbsp; của kh&aacute;ch h&agrave;ng, c&aacute;c th&ocirc;ng tin kh&aacute;c của kh&aacute;ch h&agrave;ng kh&ocirc;ng được lưu giữ<br />\r\n<br />\r\n* Phạm vi sử dụng th&ocirc;ng tin<br />\r\n<br />\r\nVitduct chỉ sử dụng th&ocirc;ng tin kh&aacute;c h&agrave;ng để trao đổi chi tiết về những đơn h&agrave;ng m&agrave; kh&aacute;ch h&agrave;ng y&ecirc;u cầu b&aacute;o gi&aacute;<br />\r\nKh&ocirc;ng sử dụng th&ocirc;ng tin c&aacute; nh&acirc;n của kh&aacute;ch h&agrave;ng v&agrave; những mục đ&iacute;ch kh&aacute;c.<br />\r\n<br />\r\nTrong trường hợp c&oacute; y&ecirc;u cầu của ph&aacute;p luật: Vitduct c&oacute; tr&aacute;ch nhiệm hợp t&aacute;c cung cấp th&ocirc;ng tin kh&aacute;ch h&agrave;ng&nbsp;khi c&oacute; y&ecirc;u cầu từ cơ quan tư ph&aacute;p bao gồm: Viện kiểm s&aacute;t, t&ograve;a &aacute;n, cơ quan c&ocirc;ng an điều tra li&ecirc;n quan đến h&agrave;nh vi vi phạm ph&aacute;p luật n&agrave;o đ&oacute; của kh&aacute;ch h&agrave;ng. Ngo&agrave;i ra, kh&ocirc;ng ai c&oacute; quyền x&acirc;m phạm v&agrave;o th&ocirc;ng tin của kh&aacute;ch h&agrave;ng.<br />\r\n<br />\r\n* Thời gian lưu trữ th&ocirc;ng tin<br />\r\n<br />\r\nDữ liệu c&aacute; nh&acirc;n của kh&aacute;ch h&agrave;ng sẽ được lưu trữ cho đến khi c&oacute; y&ecirc;u cầu hủy bỏ&nbsp; C&ograve;n lại trong mọi trường hợp th&ocirc;ng tin c&aacute; nh&acirc;n của kh&aacute;ch h&agrave;ng&nbsp;sẽ được bảo mật tr&ecirc;n m&aacute;y chủ của Vitduct.<br />\r\n<br />\r\nĐịa chỉ của đơn vị thu thập v&agrave; quản l&yacute; th&ocirc;ng tin:<br />\r\n<br />\r\nC&ocirc;ng ty Cổ phần VITDUCT<br />\r\nĐịa chỉ:&nbsp;NV43, Khu ĐTM Trung Văn, P.Trung Văn, Q.Nam Từ Li&ecirc;m, TP.Hà N&ocirc;̣i<br />\r\nTelephone: 0242.269.9595<br />\r\nLi&ecirc;n hệ: contact@vitduct.com.vn<br />\r\n<br />\r\nKh&aacute;ch h&agrave;ng c&oacute; quyền gửi khiếu nại về việc bị tiết lộ th&ocirc;ng tin c&aacute;c nh&acirc;n cho b&ecirc;n thứ 3 đến VITDUCT. Khi tiếp nhận những phản hồi n&agrave;y, Vitduct sẽ x&aacute;c nhận lại th&ocirc;ng tin v&agrave; c&oacute; tr&aacute;ch nhiệm trả lời l&yacute; do.<br />\r\n<br />\r\nLi&ecirc;n hệ: contact@vitduct.com.vn<br />\r\nSố điện thoại: 0242.269.9595<br />\r\nCam kết bảo mật th&ocirc;ng tin c&aacute; nh&acirc;n kh&aacute;ch h&agrave;ng<br />\r\n<br />\r\nTh&ocirc;ng tin c&aacute; nh&acirc;n của kh&aacute;ch h&agrave;ng được Viduct cam kết bảo mật tuyệt đối theo ch&iacute;nh s&aacute;ch bảo vệ th&ocirc;ng tin c&aacute; nh&acirc;n. Việc thu thập v&agrave; sử dụng th&ocirc;ng tin của mỗi kh&aacute;ch h&agrave;ng chỉ được thực hiện khi c&oacute; sự đồng &yacute; của kh&aacute;ch h&agrave;ng đ&oacute; trừ những trường hợp ph&aacute;p luật c&oacute; quy định kh&aacute;c. VITDUCT cam kết rằng:<br />\r\n<br />\r\n- Kh&ocirc;ng sử dụng, kh&ocirc;ng chuyển giao, cung cấp hay tiết lộ cho b&ecirc;n thứ 3 n&agrave;o về th&ocirc;ng tin c&aacute; nh&acirc;n của kh&aacute;ch h&agrave;ng khi kh&ocirc;ng c&oacute; sự cho ph&eacute;p đồng &yacute; từ kh&aacute;ch h&agrave;ng .<br />\r\n<br />\r\n- Bảo mật tuyệt đối mọi th&ocirc;ng tin giao dịch trực tuyến của kh&aacute;ch h&agrave;ng bao gồm th&ocirc;ng tin h&oacute;a đơn kế to&aacute;n chứng từ số h&oacute;a tại khu vực dữ liệu trung t&acirc;m an to&agrave;n cấp 1 của Vitduct.<br />\r\n&nbsp;</p>', 0, 0, 25, 1, 25, 1, 1, '0', '2019-07-02 06:55:31', '2019-07-02 06:55:31'),
(164, 'Cửa gió kiểu sọt trứng: V-ECG', 'Cửa gió nam Caro T', '<h2>Cửa gi&oacute; kiểu sọt trứng: V-ECG</h2>\r\n\r\n<p><img alt=\"\" src=\"http://vitduct.com.vn/storage/app/public/uploads/images/C%E1%BB%ADa%20gi%C3%B3%20nan%20Caro%20T%201_1.jpg\" style=\"height:267px; width:400px\" /><img alt=\"\" src=\"http://vitduct.com.vn/storage/app/public/uploads/images/C%E1%BB%ADa%20gi%C3%B3%20nan%20Caro%20T%201_2.jpg\" style=\"height:267px; width:400px\" /></p>\r\n\r\n<p><strong>* Đặc điểm sử dụng:&nbsp;</strong></p>\r\n\r\n<p>- Được sử dụng l&agrave;m cửa gi&oacute; cấp hoặc cửa gi&oacute; hồi.</p>\r\n\r\n<p>- C&oacute; thể gắn k&egrave;m lưới lọc bụi hoặc lọc tinh ( Theo y&ecirc;u cầu của Kh&aacute;ch h&agrave;ng)</p>\r\n\r\n<p>- C&oacute; thể gắn tr&ecirc;n trần hoặc tr&ecirc;n tường.</p>\r\n\r\n<p><strong>* Vật liệu v&agrave; m&agrave;u sắc:</strong></p>\r\n\r\n<p>- Nan gi&oacute; được l&agrave;m từ vật liệu nh&ocirc;m l&aacute; đan &ocirc; 12x12mm d&agrave;y 0.8mm.</p>\r\n\r\n<p>- Khung được l&agrave;m từ nh&ocirc;m định h&igrave;nh c&oacute; g&acirc;n tăng cứng v&agrave; gờ tạo khung mỹ thuật cao.</p>\r\n\r\n<p>- Được sơn tĩnh điện m&agrave;u trắng, m&agrave;u sắc c&oacute; thể thay đổi theo y&ecirc;u cầu của Kh&aacute;ch h&agrave;ng.</p>\r\n\r\n<p><img alt=\"\" src=\"http://vitduct.com.vn/storage/app/public/uploads/images/cua-gio-kieu-sot-trung_result.jpg\" style=\"height:539px; width:1000px\" /></p>\r\n\r\n<p><img alt=\"\" src=\"http://vitduct.com.vn/storage/app/public/uploads/images/cua-gio-kieu-sot-trung-1_result.jpg\" style=\"height:513px; width:1000px\" /></p>', 0, 0, 1, 1, 5, 4, 1, '0', '2019-07-04 20:00:12', '2019-12-16 01:33:33'),
(165, 'Cửa gió nan T có lưới lọc', 'Cửa gió nan T có lưới lọc', '<p><img alt=\"\" src=\"http://vitduct.com.vn/storage/app/public/uploads/images/C%E1%BB%ADa%20gi%C3%B3%20nan%20T%20c%C3%B3%20l%C6%B0%E1%BB%9Bi%20l%E1%BB%8Dc%201_2.jpg\" style=\"height:467px; width:700px\" /></p>\r\n\r\n<p><img alt=\"\" src=\"http://vitduct.com.vn/storage/app/public/uploads/images/C%E1%BB%ADa%20gi%C3%B3%20nan%20T%20c%C3%B3%20l%C6%B0%E1%BB%9Bi%20l%E1%BB%8Dc%201_1.jpg\" style=\"height:467px; width:700px\" /></p>', 0, 0, 1, 1, 5, 4, 1, '0', '2019-07-04 20:02:24', '2019-07-04 20:02:24'),
(166, 'Cửa gió tôn soi lỗ: V-PFD', 'Cửa gió tôn soi lỗ', '<h2>Cửa gi&oacute; t&ocirc;n soi lỗ: V-PFD</h2>\r\n\r\n<p><img alt=\"\" src=\"http://vitduct.com.vn/storage/app/public/uploads/images/C%E1%BB%ADa%20gi%C3%B3%20t%C3%B4n%20soi%20l%E1%BB%97%201_2.jpg\" style=\"height:267px; width:400px\" /><img alt=\"\" src=\"http://vitduct.com.vn/storage/app/public/uploads/images/C%E1%BB%ADa%20gi%C3%B3%20t%C3%B4n%20soi%20l%E1%BB%97%201_1.jpg\" style=\"height:267px; width:400px\" /></p>\r\n\r\n<p><strong>* Đặc điểm sử dụng:&nbsp;</strong></p>\r\n\r\n<p>- Được sử dụng l&agrave;m cửa gi&oacute; cấp hoặc cửa gi&oacute; hồi.</p>\r\n\r\n<p>- C&oacute; thể gắn k&egrave;m lưới lọc bụi hoặc lọc tinh ( Theo y&ecirc;u cầu của Kh&aacute;ch h&agrave;ng: FFS)</p>\r\n\r\n<p>- C&oacute; thể gắn tr&ecirc;n trần hoặc tr&ecirc;n tường.</p>\r\n\r\n<p>- Th&iacute;ch hợp sử dụng cho c&aacute;c c&ocirc;ng tr&igrave;nh phục vụ y tế.</p>\r\n\r\n<p><strong>* Vật liệu v&agrave; m&agrave;u sắc:</strong></p>\r\n\r\n<p>- Được l&agrave;m từ vật liệu t&ocirc;n đột lỗ.</p>\r\n\r\n<p>- Khung được l&agrave;m từ nh&ocirc;m định h&igrave;nh c&oacute; g&acirc;n tăng cứng v&agrave; gờ tạo khung mỹ thuật cao.</p>\r\n\r\n<p>- Được sơn tĩnh điện m&agrave;u trắng, m&agrave;u sắc c&oacute; thể thay đổi theo y&ecirc;u cầu của Kh&aacute;ch h&agrave;ng.</p>\r\n\r\n<p><img alt=\"\" src=\"http://vitduct.com.vn/storage/app/public/uploads/images/cua-gio-ton-soi-lo_result.jpg\" style=\"height:517px; width:1000px\" /></p>\r\n\r\n<p><img alt=\"\" src=\"http://vitduct.com.vn/storage/app/public/uploads/images/cua-gio-ton-soi-lo-1_result.jpg\" style=\"height:1200px; width:949px\" /></p>', 0, 0, 1, 1, 5, 4, 1, '0', '2019-07-04 20:03:31', '2019-12-16 01:29:54'),
(167, 'Cửa thăm trần: V-CTT', 'Cửa thăm trần cho thể tháo lắp', '<h2>Cửa thăm trần: V-CTT</h2>\r\n\r\n<p><img alt=\"\" src=\"http://vitduct.com.vn/storage/app/public/uploads/images/C%E1%BB%ADa%20th%C4%83m%20tr%E1%BA%A7n%20c%C3%B3%20th%E1%BB%83%20th%C3%A1o%20l%E1%BA%AFp%201_2.jpg\" style=\"height:267px; width:400px\" /><img alt=\"\" src=\"http://vitduct.com.vn/storage/app/public/uploads/images/C%E1%BB%ADa%20th%C4%83m%20tr%E1%BA%A7n%20c%C3%B3%20th%E1%BB%83%20th%C3%A1o%20l%E1%BA%AFp%201_1.jpg\" style=\"height:267px; width:400px\" /></p>\r\n\r\n<p>* Đặc điểm sử dụng:</p>\r\n\r\n<p>&nbsp;- Cửa thăm trần V-CTT l&agrave; phụ kiện trong d&atilde;y sản phẩm tổng thể của VITDUCT. Sản phẩm n&agrave;y gi&uacute;p cho việc thay thế, lắp đặt, sửa chữa cho c&aacute;c hệ thống cơ điện ph&iacute;a tr&ecirc;n trần trở n&ecirc;n dễ d&agrave;ng hơn, tạo sự thẩm mỹ cao, đảm bảo đọ bền hơn so với cửa thăm trần thạch cao truyền thống. Ho&agrave;n to&agrave;n kh&ocirc;ng bị ẩm mốc, bẩn v&agrave; đặc biệt l&agrave; dễ d&agrave;ng vệ sịnh.</p>\r\n\r\n<p>* Vật liệu v&agrave; m&agrave;u sắc:</p>\r\n\r\n<p>- Khung được l&agrave;m từ nh&ocirc;m định h&igrave;nh hoặc th&eacute;p.</p>\r\n\r\n<p>- Đươc sơn tĩnh điện m&agrave;u trắng, v&agrave; c&oacute; thể l&agrave; m&agrave;u kh&aacute;c t&ugrave;y theo y&ecirc;u cầu của kh&aacute;ch h&agrave;ng.</p>\r\n\r\n<p><img alt=\"\" src=\"http://vitduct.com.vn/storage/app/public/uploads/images/cua-tham-tran_result.jpg\" style=\"height:553px; width:1000px\" /></p>\r\n\r\n<p><img alt=\"\" src=\"http://vitduct.com.vn/storage/app/public/uploads/images/cua-tham-tran-1_result.jpg\" style=\"height:486px; width:1000px\" /></p>', 0, 0, 1, 1, 5, 4, 1, '0', '2019-07-04 20:05:30', '2020-01-09 19:08:53'),
(168, 'Van xả lắp trên đường ống: V-PRD/R/S', 'Van xả áp cơ khi lắp trên đường ống gió', '<h2>Van xả lắp tr&ecirc;n đường ống: V-PRD/R/S</h2>\r\n\r\n<p><img alt=\"\" src=\"http://vitduct.com.vn/storage/app/public/uploads/images/van%20x%E1%BA%A3%20%C3%A1p%20c%C6%A1%20kh%C3%AD%20l%E1%BA%AFp%20tr%C3%AAn%20%C4%91%C6%B0%E1%BB%9Dng%20%E1%BB%91ng%20gi%C3%B3%201_2.JPG\" style=\"height:267px; width:400px\" /><img alt=\"\" src=\"http://vitduct.com.vn/storage/app/public/uploads/images/van%20x%E1%BA%A3%20%C3%A1p%20c%C6%A1%20kh%C3%AD%20l%E1%BA%AFp%20tr%C3%AAn%20%C4%91%C6%B0%E1%BB%9Dng%20%E1%BB%91ng%20gi%C3%B3%201_1.JPG\" style=\"height:267px; width:400px\" /></p>\r\n\r\n<p><big>* <strong>Đặc điểm sử dụng:</strong><br />\r\n-&nbsp;L&agrave; van được lắp bộ đối trọng (van xả &aacute;p cơ kh&iacute;)&nbsp;c&oacute; thể điều ch&iacute;nh vị tr&iacute; th&iacute;ch hợp với y&ecirc;u cầu của &aacute;p suất. C&aacute;nh của&nbsp;van sẽ mở khi đạt đến một &aacute;p suất giới hạn để gi&oacute; tho&aacute;t ra miệng van.</big></p>\r\n\r\n<p><big>- Nếu được đ&oacute;ng mở th&ocirc;ng qua động cơ điện,sẽ lấy t&iacute;n hiệu từ bộ cảm biến &aacute;p suất được c&agrave;i đặt tại ngưỡng &aacute;p suất lớn nhất cần xả &aacute;p (Max 50 Pa).</big></p>\r\n\r\n<p><big>* <strong>Vật liệu m&agrave;u sắc:</strong><br />\r\n- Được&nbsp;l&agrave;m bằng t&ocirc;n mạ kẽm, nh&ocirc;m hoặc t&ocirc;n sơn tĩnh điện (hoặc Inox).</big></p>\r\n\r\n<p><big><img alt=\"\" src=\"http://vitduct.com.vn/storage/app/public/uploads/images/van-xa-ap-lap-tren-duong-ong-gio_result.jpg\" style=\"height:970px; width:932px\" /></big></p>', 0, 0, 1, 1, 7, 4, 1, '0', '2019-07-04 20:47:18', '2019-11-20 21:14:34'),
(169, 'Van chữ nhật điều chỉnh lưu lượng loại trục vít: V-VCD/R/T', 'Van (VCD) vuông - Loại nhiều lá', '<h1>Van chữ nhật điều chỉnh lưu lượng loại trục v&iacute;t: V-VCD/R/T</h1>\r\n\r\n<p>&nbsp; &nbsp; &nbsp; &nbsp; &nbsp; &nbsp; &nbsp; &nbsp; &nbsp; &nbsp; &nbsp; &nbsp; &nbsp; &nbsp; &nbsp; &nbsp; &nbsp; &nbsp; &nbsp; &nbsp; &nbsp; &nbsp; &nbsp; &nbsp; &nbsp; &nbsp; &nbsp; &nbsp; &nbsp; &nbsp; &nbsp; &nbsp; &nbsp; &nbsp; &nbsp; &nbsp; &nbsp; &nbsp; &nbsp; &nbsp; &nbsp; &nbsp; &nbsp; &nbsp; &nbsp; &nbsp; &nbsp;<img alt=\"\" src=\"http://vitduct.com.vn/storage/app/public/uploads/images/img173_result.jpg\" style=\"height:466px; width:300px\" /></p>\r\n\r\n<p><strong><big>* Đặc điểm sử dụng:</big></strong></p>\r\n\r\n<ul>\r\n	<li><big>D&ugrave;ng&nbsp;để điều chỉnh lưu lượng gi&oacute; cấp v&agrave; gi&oacute; hồi.</big></li>\r\n	<li><big>Được&nbsp;lắp trực tiếp tr&ecirc;n đường ống cấp hoặc ống hồi ph&iacute;a sau hộp g&oacute;p gi&oacute;.</big></li>\r\n	<li><big>Việc điều chỉnh g&oacute;c mở của c&aacute;nh van được thực hiện bằng tay qua&nbsp;trục v&iacute;t,</big>&nbsp;<big>hoặc điều chỉnh tự động bằng loại van gắn động cơ.</big></li>\r\n</ul>\r\n\r\n<p><big><strong>* Vật liệu m&agrave;u sắc:</strong></big></p>\r\n\r\n<ul>\r\n	<li><big>Được l&agrave;m bằng t&ocirc;n mạ kẽm hoặc inox.</big></li>\r\n	<li><big>Tay van c&oacute; thể l&agrave;m bằng nhựa,tay b&aacute;nh v&iacute;t hoặc tay gạt.</big></li>\r\n	<li><big>Rất dễ d&agrave;ng cho việc điều chỉnh lưu lượng gi&oacute; cấp v&agrave; gi&oacute; hồi</big></li>\r\n	<li><big>Tay van: Trục v&iacute;t.</big></li>\r\n</ul>\r\n\r\n<p><img alt=\"\" src=\"http://vitduct.com.vn/storage/app/public/uploads/images/Van-chu-nhat-dieu-chinh-luu-luong-lo%E1%BA%A1i-truc-vit_result.jpg\" style=\"height:840px; width:1000px\" /></p>\r\n\r\n<p><img alt=\"\" src=\"http://vitduct.com.vn/storage/app/public/uploads/images/Van-chu-nhat-dieu-chinh-luu-luong-lo%E1%BA%A1i-truc-vit-1_result.jpg\" style=\"height:599px; width:1000px\" /></p>', 0, 0, 1, 1, 7, 4, 1, '0', '2019-07-05 21:47:22', '2019-11-04 00:13:43'),
(170, 'Phụ kiện ống gió : V-DK-A', 'Phụ kiện ống gió : V-DK-A', '<h1>* Chạc ba ống gi&oacute;:&nbsp;</h1>\r\n\r\n<p>&nbsp; &nbsp; &nbsp; &nbsp; &nbsp; &nbsp; &nbsp; &nbsp; &nbsp; &nbsp; &nbsp; &nbsp; &nbsp; &nbsp; &nbsp; &nbsp; &nbsp; &nbsp; &nbsp; &nbsp; &nbsp; &nbsp; &nbsp; &nbsp; &nbsp; &nbsp; &nbsp; &nbsp; &nbsp; &nbsp; &nbsp; &nbsp; &nbsp; &nbsp; &nbsp; &nbsp; &nbsp; &nbsp; &nbsp; &nbsp; &nbsp;<img alt=\"\" src=\"http://vitduct.com.vn/storage/app/public/uploads/images/Te-ong-gio.jpg\" style=\"height:243px; width:300px\" /></p>\r\n\r\n<p><img alt=\"\" src=\"http://vitduct.com.vn/storage/app/public/uploads/images/chac-ba-ong-gio_result.jpg\" style=\"height:734px; width:1000px\" /></p>\r\n\r\n<p>&nbsp;</p>\r\n\r\n<p><img alt=\"\" src=\"http://vitduct.com.vn/storage/app/public/uploads/images/Te-ong-gio-1_result.jpg\" style=\"height:445px; width:1000px\" /></p>\r\n\r\n<p><img alt=\"\" src=\"http://vitduct.com.vn/storage/app/public/uploads/images/ong-gio-luon-Z_result.jpg\" style=\"height:480px; width:1000px\" /></p>\r\n\r\n<p><big><strong>* Vật liệu m&agrave;u sắc:</strong><br />\r\n&nbsp; &nbsp; &nbsp;Vật liệu phổ biến được d&ugrave;ng để sản xuất&nbsp;<strong>phụ kiện ống gi&oacute;</strong>&nbsp;bao gồm: t&ocirc;n mạ kẽm, th&eacute;p đen, nh&ocirc;m, th&eacute;p kh&ocirc;ng gỉ. Tuy nhi&ecirc;n, c&aacute;c sản phẩm ống gi&oacute; của VlTDUCT phổ biến l&agrave;m từ vật liệu t&ocirc;n mạ kẽm v&agrave; th&eacute;p tấm kh&ocirc;ng gỉ (SU5201 , SU5304).</big></p>', 0, 0, 1, 1, 4, 4, 1, '0', '2019-11-03 19:57:04', '2019-11-03 21:21:06'),
(171, 'Van tròn đóng mở bằng động cơ điện: V-MD/C', 'Van tròn đóng mở bằng động cơ điện: V-MD/C', '<h2>* Van tr&ograve;n đ&oacute;ng mở bằng động cơ điện: V-MD/C</h2>\r\n\r\n<p>&nbsp; &nbsp; &nbsp; &nbsp; &nbsp; &nbsp; &nbsp; &nbsp; &nbsp; &nbsp; &nbsp; &nbsp; &nbsp; &nbsp; &nbsp; &nbsp; &nbsp; &nbsp; &nbsp; &nbsp; &nbsp; &nbsp; &nbsp; &nbsp; &nbsp; &nbsp; &nbsp; &nbsp; &nbsp; &nbsp; &nbsp; &nbsp; &nbsp; &nbsp; &nbsp;&nbsp;<img alt=\"Van tròn đóng mở bằng động cơ điện: V-MD/C\" src=\"http://vitduct.com.vn/storage/app/public/uploads/images/img183_result.jpg\" style=\"height:237px; width:312px\" /></p>\r\n\r\n<p><big><strong>* Đặc điểm sử dụng:</strong></big></p>\r\n\r\n<ul>\r\n	<li><big>Được sử dụng tr&ecirc;n đường cấp gi&oacute; hoặc hồi, hoặc tr&ecirc;n tường.</big></li>\r\n	<li><big>D&ugrave;ng&nbsp;điều khiển đ&oacute;ng mở bằng động cơ điện dạng On/Off hoặc v&ocirc; cấp t&ugrave;y theo y&ecirc;u cầu của kh&aacute;ch h&agrave;ng.</big></li>\r\n</ul>\r\n\r\n<p><big><strong>* Vật liệu m&agrave;u sắc:</strong></big></p>\r\n\r\n<ul>\r\n	<li><big>Được&nbsp;l&agrave;m bằng t&ocirc;n mạ kẽm hoặc Inox.</big></li>\r\n	<li><big>Động&nbsp;cơ van l&agrave; động cơ AC: 220V hoặc DC: 24V.</big></li>\r\n</ul>\r\n\r\n<p><big><img alt=\"\" src=\"http://vitduct.com.vn/storage/app/public/uploads/images/van-tron-dong-mo-bang-dong-co-dien_result.jpg\" style=\"height:898px; width:1000px\" /></big></p>\r\n\r\n<p><big><img alt=\"\" src=\"http://vitduct.com.vn/storage/app/public/uploads/images/van-tron-dong-mo-bang-dong-co-dien-1_result.jpg\" style=\"height:433px; width:1000px\" /></big></p>', 0, 0, 1, 1, 7, 4, 1, '0', '2019-11-05 02:48:30', '2019-11-05 02:49:06'),
(172, 'Van tròn một chiều: V-NRD/C', 'Van tròn một chiều: V-NRD/C', '<h2>Van tr&ograve;n một chiều: V-NRD/C</h2>\r\n\r\n<p>&nbsp; &nbsp; &nbsp; &nbsp; &nbsp; &nbsp; &nbsp; &nbsp; &nbsp; &nbsp; &nbsp; &nbsp; &nbsp; &nbsp; &nbsp; &nbsp; &nbsp; &nbsp; &nbsp; &nbsp; &nbsp; &nbsp; &nbsp; &nbsp; &nbsp; &nbsp; &nbsp; &nbsp; &nbsp; &nbsp;<img alt=\"\" src=\"http://vitduct.com.vn/storage/app/public/uploads/images/FD%20tr%C3%B2n%201_2.jpg\" style=\"height:333px; width:500px\" /></p>\r\n\r\n<p><big><strong>* Đặc điểm sử dụng:</strong></big></p>\r\n\r\n<ul>\r\n	<li><big>Được&nbsp;sử dụng tr&ecirc;n đường gi&oacute; cấp. Khi lưu lượng gi&oacute; đi qua van sẽ mở tự động tr&ecirc;n nguy&ecirc;n l&yacute; lực đẩy d&ograve;ng kh&iacute; v&agrave; &aacute;p suất.</big></li>\r\n	<li><big>Van h&igrave;nh tr&ograve;n.</big></li>\r\n	<li><big>Đối với hệ thống quạt lắp song song, chung một đường ống gi&oacute;, van một chiều gi&uacute;p cho việc chống thổi ngược khi một quạt dừng hoạt động.Van một chiếu chỉ c&oacute; t&aacute;c dụng khi được lắp đặt với c&aacute;nh thẳng đứng.</big></li>\r\n	<li><big>Trong một số trường hợp được điều khiển đ&oacute;ng mở bằng động cơ điện.</big></li>\r\n</ul>\r\n\r\n<p><big><strong>* Vật liệu m&agrave;u sắc:</strong></big></p>\r\n\r\n<ul>\r\n	<li><big>Được&nbsp;l&agrave;m bằng t&ocirc;n mạ kẽm hoặc inox</big></li>\r\n</ul>\r\n\r\n<p><big><img alt=\"\" src=\"http://vitduct.com.vn/storage/app/public/uploads/images/van-tron-mot-chieu_result.jpg\" style=\"height:686px; width:1000px\" /></big></p>\r\n\r\n<p><big><img alt=\"\" src=\"http://vitduct.com.vn/storage/app/public/uploads/images/van-tron-mot-chieu-1_result.jpg\" style=\"height:380px; width:1000px\" /></big></p>', 0, 0, 1, 1, 7, 4, 1, '0', '2019-11-18 02:30:02', '2019-11-18 02:30:02'),
(173, 'Van tròn dập lửa đóng mở dùng động cơ: V-MFD/C', 'Van tròn dập lửa đóng mở dùng động cơ: V-MFD/C', '<h2>Van tr&ograve;n dập lửa đ&oacute;ng mở d&ugrave;ng động cơ: V-MFD/C</h2>\r\n\r\n<p>&nbsp; &nbsp; &nbsp; &nbsp; &nbsp; &nbsp; &nbsp; &nbsp; &nbsp; &nbsp; &nbsp; &nbsp; &nbsp; &nbsp; &nbsp; &nbsp; &nbsp; &nbsp; &nbsp; &nbsp; &nbsp; &nbsp; &nbsp; &nbsp; &nbsp; &nbsp; &nbsp; &nbsp; &nbsp; &nbsp; &nbsp; &nbsp;<img alt=\"\" src=\"http://vitduct.com.vn/storage/app/public/uploads/images/van-tron-dong-co.jpg\" style=\"height:351px; width:308px\" /></p>\r\n\r\n<p><big><strong>* Đặc điểm sử dụng:</strong><br />\r\n- Van dập lửa được sử dụng tr&ecirc;n hệ thống ống gi&oacute;.</big></p>\r\n\r\n<p><big>- Ngăn chặn hoả hoạn kịp thời trong hệ thống ống gi&oacute; điều ho&agrave; kh&ocirc;ng kh&iacute; hoặc th&ocirc;ng gi&oacute; cho c&aacute;c c&ocirc;ng tr&igrave;nh nhờ được đ&oacute;ng mở bằng động cơ điện l&acirc;y t&iacute;n hiệu từ hệ thống b&aacute;o ch&aacute;y.</big></p>\r\n\r\n<p><big>- Ch&uacute;ng c&oacute; khả năng ngăn kh&oacute;i v&agrave; chống lan truyền ch&aacute;y theo hệ thống ống gi&oacute; trong c&aacute;c c&ocirc;ng tr&igrave;nh.</big></p>\r\n\r\n<p><big>- Van c&oacute; h&igrave;nh tr&ograve;n</big></p>\r\n\r\n<p><big>- Khuyến nghị&nbsp;n&ecirc;n lắp van tr&ecirc;n đường ống gi&oacute; v&agrave;o vị tr&iacute; c&oacute; tường hoặc v&aacute;ch ngăn giữa c&aacute;c khu vực cần ngăn ch&aacute;y để&nbsp;đảm bảo y&ecirc;u cầu kỹ thuật tốt hơn.</big></p>\r\n\r\n<p><big><strong>* Vậtliệu m&agrave;u sắc:</strong><br />\r\n- Được chế tạo từ vật liệu t&ocirc;n mạ kẽm hoặc inox</big>.</p>\r\n\r\n<p><img alt=\"\" src=\"http://vitduct.com.vn/storage/app/public/uploads/images/Van-tron-dap-lua-bang-dong-co_result.jpg\" style=\"height:888px; width:1000px\" /></p>\r\n\r\n<p>&nbsp;</p>', 0, 0, 1, 1, 7, 4, 1, '0', '2019-11-19 03:06:00', '2019-11-20 19:48:57'),
(174, 'Van dập lửa tích hợp động cơ và cầu chì nhiệt: V-MFSD/R', 'Van dập lửa tích hợp động cơ và cầu chì nhiệt: V-MFSD/R', '<h2>Van dập lửa t&iacute;ch hợp động cơ v&agrave; cầu ch&igrave; nhiệt: V-MFSD/R</h2>\r\n\r\n<p>&nbsp; &nbsp; &nbsp; &nbsp; &nbsp; &nbsp; &nbsp; &nbsp; &nbsp; &nbsp; &nbsp; &nbsp; &nbsp; &nbsp; &nbsp; &nbsp; &nbsp; &nbsp; &nbsp; &nbsp; &nbsp; &nbsp; &nbsp; &nbsp; &nbsp; &nbsp; &nbsp; &nbsp; &nbsp; &nbsp; &nbsp; &nbsp; &nbsp; &nbsp; &nbsp; &nbsp;<img alt=\"\" src=\"http://vitduct.com.vn/storage/app/public/uploads/images/Van-dap-lua-tich-hop-dong-co-va-cau-chi-nhiet.jpg\" style=\"height:240px; width:303px\" /></p>\r\n\r\n<p><big><strong>* Đặc điểm sử dụng:</strong><br />\r\n- Van dập lửa được sử dụng tr&ecirc;n hệ thống ống gi&oacute;.</big></p>\r\n\r\n<p><big>- Sử dụng cầu ch&igrave; nhiệt dập lửa n&oacute;ng chảy ở 70-75 độ C để thực hiện đ&oacute;ng ngắt v&agrave; t&iacute;ch hợp đ&oacute;ng mở bằng động cơ điện Iẩy&nbsp;t&iacute;n hiệu từ hệ thống b&aacute;o ch&aacute;y. Khi xảy ra ch&aacute;y cầu ch&igrave; n&oacute;ng chảy c&aacute;nh van sẽ được đ&oacute;ng lại v&agrave; giữ chặt bằng l&ograve; xo để ngăn lửa v&agrave; kh&oacute;i Ian sang khu vực kh&aacute;c. Ch&uacute;ng c&oacute; khả năng ngăn kh&oacute;i v&agrave; chống Ian truyền ch&aacute;y theo hệ thống ống gi&oacute;&nbsp;trong c&aacute;c c&ocirc;ng tr&igrave;nh.</big></p>\r\n\r\n<p><big>- Van h&igrave;nh chữ nhật&nbsp;hoặc h&igrave;nh tr&ograve;n.</big></p>\r\n\r\n<p><big>- Khuyến nghị&nbsp;n&ecirc;n lắp van tr&ecirc;n đường ống gi&oacute; v&agrave;o vị tr&iacute; c&oacute; tường hoặc v&aacute;ch ngăn giữa c&aacute;c khu vực cần ngăn chảy để&nbsp;đảm bảo y&ecirc;u cầu kỹ thuật ốt hơn.</big></p>\r\n\r\n<p><big><strong>* Vật liệu m&agrave;u sắc:</strong><br />\r\n- Được&nbsp;chế tạo từ vật liệu t&ocirc;n mạ kẽm hoặc inox.</big></p>\r\n\r\n<p><img alt=\"\" src=\"http://vitduct.com.vn/storage/app/public/uploads/images/van-dap-lua-tich-hop-dong-co-va-cau-chi-nhiet_result.jpg\" style=\"height:888px; width:1000px\" /></p>\r\n\r\n<p><img alt=\"\" src=\"http://vitduct.com.vn/storage/app/public/uploads/images/van-dap-lua-tich-hop-dong-co-va-cau-chi-nhiet-1_result.jpg\" style=\"height:587px; width:1000px\" /></p>\r\n\r\n<p><img alt=\"\" src=\"http://vitduct.com.vn/storage/app/public/uploads/images/van-dap-lua-tich-hop-dong-co-va-cau-chi-nhiet-2_result.jpg\" style=\"height:525px; width:1000px\" /></p>', 0, 0, 1, 1, 7, 4, 1, '0', '2019-11-20 21:03:06', '2019-11-20 21:06:18'),
(175, 'Van xả áp đóng mở bằng động cơ điện: V-PRD/R/MD', 'Van xả áp đóng mở bằng động cơ điện: V-PRD/R/MD', '<h2>Van xả &aacute;p đ&oacute;ng mở bằng động cơ điện: V-PRD/R/MD</h2>\r\n\r\n<p><img alt=\"\" src=\"http://vitduct.com.vn/storage/app/public/uploads/images/Van%20MFD%20lo%E1%BA%A1i%20vu%C3%B4ng%201%20l%C3%A1%201_1.jpg\" style=\"height:267px; width:400px\" /></p>\r\n\r\n<p><big><strong>* Đặc điểm sử dụng:</strong><br />\r\n-&nbsp;L&agrave; van được lắp bộ đối trọng (<strong>van xả &aacute;p bằng động cơ điện</strong>)&nbsp;c&oacute; thể điều ch&iacute;nh vị tr&iacute; th&iacute;ch hợp với y&ecirc;u cầu của &aacute;p suất. C&aacute;nh của&nbsp;van sẽ mở khi đạt đến một &aacute;p suất giới hạn để gi&oacute; tho&aacute;t ra miệng van.</big></p>\r\n\r\n<p><big>- Nếu được đ&oacute;ng mở th&ocirc;ng qua động cơ điện,sẽ lấy t&iacute;n hiệu từ bộ cảm biến &aacute;p suất được c&agrave;i đặt tại ngưỡng &aacute;p suất lớn nhất cần xả &aacute;p (Max 50 Pa).</big></p>\r\n\r\n<p><big><strong>* Vật liệu m&agrave;u sắc:</strong><br />\r\n- Được&nbsp;l&agrave;m bằng t&ocirc;n mạ kẽm hoặc Inox.</big></p>\r\n\r\n<p><img alt=\"\" src=\"http://vitduct.com.vn/storage/app/public/uploads/images/Van-xa-ap-bang-dong-co_result.jpg\" style=\"height:1200px; width:915px\" /></p>', 0, 0, 1, 1, 7, 4, 1, '0', '2019-11-20 21:29:01', '2019-11-20 21:29:01'),
(176, 'Van sập-Cửa Sập: V-MFD-S', 'Van sập-Cửa Sập: V-MFD-S', '<h2>Van sập-Cửa Sập: V-MFD-S</h2>\r\n\r\n<p><img alt=\"\" src=\"http://vitduct.com.vn/storage/app/public/uploads/images/van-sap.jpg\" style=\"height:608px; width:1000px\" /></p>\r\n\r\n<p><strong>*</strong><big><strong> Đặc điểm sử dụng:</strong><br />\r\n- Van sập (Cửa sập lắp) cho ph&ograve;ng điện hoặc m&aacute;y ph&aacute;t điện (V-MFD-S): Được sử dụng lắp cho ph&ograve;ng điện hoặc ph&ograve;ng m&aacute;y ph&aacute;t điện. Khi trong c&aacute;c ph&ograve;ng n&agrave;y b&aacute;o ch&aacute;y (c&oacute; sự cố g&acirc;y ch&aacute;y) hệ thống b&aacute;o ch&aacute;y trong c&aacute;c ph&ograve;ng n&agrave;y sẽ cấp t&iacute;n hiệu để đ&oacute;ng lại (sập lại) để c&aacute;ch ly tối&nbsp;đa&nbsp;m&ocirc;i trường b&ecirc;n trong v&agrave; b&ecirc;n ngo&agrave;i ph&ograve;ng: Kh&ocirc;ng cho kh&iacute; Nito hoặc kh&iacute; FM200 của hệ thống chữa ch&aacute;y trong c&aacute;c ph&ograve;ng điện tho&aacute;t ra ngo&agrave;i ảnh hưởng đến nồng độ kh&iacute; chữa ch&aacute;y v&agrave; hạn chế nguồn cấp Oxi từ b&ecirc;n ngo&agrave;i v&agrave;o đ&aacute;m ch&aacute;y. D&ugrave;ng động cơ điện để điều khiển đ&oacute;ng mở (động cơ c&oacute; 2 loại: Loại đ&oacute;ng mở nhanh &lt;= 10S; Loại đ&oacute;ng mở chậm &gt;= 5S).</big></p>\r\n\r\n<p><big><strong>* Vật liệu m&agrave;u sắc:</strong><br />\r\n- Đuợc chế tạotừvật liệu t&ocirc;n mạ kẽm hoặc inox c&oacute; độ d&agrave;ytối thiểu l&agrave; 0,75mm.</big></p>', 0, 0, 1, 1, 7, 4, 1, '0', '2019-12-09 18:54:03', '2019-12-09 18:54:16'),
(177, 'Cửa gió nghệ thuật:  V- AAG', 'Cửa gió nghệ thuật:  V- AAG', '<h2>Cửa gi&oacute; nghệ thuật: &nbsp;V- AAG</h2>\r\n\r\n<p><img alt=\"\" src=\"http://vitduct.com.vn/storage/app/public/uploads/images/cua-gio-nghe-thuat-2_result.png\" style=\"height:493px; width:598px\" /></p>\r\n\r\n<p>* Đặc điểm sử dụng:</p>\r\n\r\n<p>- Được sự dụng l&agrave;m cửa gi&oacute; cấp hoặc cửa gi&oacute; hồi hệ thống điều h&ograve;a.</p>\r\n\r\n<p>- Ph&ugrave; hợp với những y&ecirc;u cầu thiết kế kiến tr&uacute;c đặt biệt đ&ograve;i hỏi t&iacute;nh thẩm mỹ cao.</p>\r\n\r\n<p>- Lắp đặt ở tr&ecirc;n trần hoặc tường.</p>\r\n\r\n<p>* Vật liệu v&agrave; m&agrave;u sắc:</p>\r\n\r\n<p>- Khung được l&agrave;m từ nh&ocirc;m định h&igrave;nh c&oacute; g&acirc;n tăng cứng v&agrave; gờ tạo khung mỹ thuật cao.</p>\r\n\r\n<p>- Mảng kiến tr&uacute;c mỹ thuật b&ecirc;n trong được thiết kế v&agrave; cắt CNC bằng Nh&ocirc;m hoặc Inox..</p>\r\n\r\n<p>- Được sơn tĩnh điện m&agrave;u trắng hoặc mạ v&agrave;ng, mạ Crom, c&aacute;c m&agrave;u sắc kh&aacute;c theo y&ecirc;u cầu của Kh&aacute;ch h&agrave;ng.</p>\r\n\r\n<p><img alt=\"\" src=\"http://vitduct.com.vn/storage/app/public/uploads/images/cua-gio-nghe-thuat_result.jpg\" style=\"height:598px; width:1000px\" /></p>\r\n\r\n<p><img alt=\"\" src=\"http://vitduct.com.vn/storage/app/public/uploads/images/cua-gio-nghe-thuat-1_result.jpg\" style=\"height:485px; width:1000px\" /></p>', 0, 0, 1, 1, 5, 4, 1, '0', '2020-01-09 19:01:02', '2020-01-09 19:01:02'),
(178, 'Khớp nối mềm chống cháy: V-CV-H', 'Khớp nối mềm chống cháy: V-CV-H', '<h2>Khớp nối mềm chống ch&aacute;y: V-CV-H</h2>\r\n\r\n<p>&nbsp; &nbsp; &nbsp; &nbsp;&nbsp;<img alt=\"\" src=\"http://vitduct.com.vn/storage/app/public/uploads/images/khop-noi-mem-chong-chay-1.jpg\" style=\"height:304px; width:345px\" />&nbsp; &nbsp; &nbsp;<img alt=\"\" src=\"http://vitduct.com.vn/storage/app/public/uploads/images/khop-noi-mem-chong-chay(1).jpg\" style=\"height:371px; width:359px\" /></p>\r\n\r\n<p>* Đặc điểm sử dụng:<br />\r\n- Được lắp cho quạt, d&agrave;n lạnh FCU,AHU cổ cửa gi&oacute; hoặc miệng hộp gi&oacute;.<br />\r\n- Nhằm chống rung cho hệ thống đường ống th&ocirc;ng gi&oacute;, giảm thiểu độ ồn trực tiếp từ quạt, m&aacute;y lạnh l&ecirc;n hệ thống ống gi&oacute;<br />\r\n- Chịu được nhiệt độ cao ph&ugrave; hợp lắp cho c&aacute;c hệ thống cần chống ch&aacute;y hoặc hoạt động trong m&ocirc;i trường nhiệt độ cao.</p>\r\n\r\n<p>* Vật liệu m&agrave;u sắc:<br />\r\n- Được&nbsp;l&agrave;m bằng vải bạt chống ch&aacute;y chẩt liệu ch&iacute;nh l&agrave; sợi thủy tinh c&oacute; đường may đặc biệt chặt chẽ giữa kim loại v&agrave; vải .<br />\r\n- Chiu nhiệt &mdash;700C =&gt; +2800 C, thời gian chịu 120 ph&uacute;t.</p>\r\n\r\n<p><img alt=\"\" src=\"http://vitduct.com.vn/storage/app/public/uploads/images/khop-noi-mem-chong-chay-1_result.jpg\" style=\"height:552px; width:1000px\" /></p>', 0, 0, 1, 1, 4, 4, 1, '0', '2020-01-09 19:54:05', '2020-01-09 19:54:05'),
(179, 'Khớp nối mềm: V-CV-S', 'Khớp nối mềm: V-CV-S', '<h2>Khớp nối mềm: V-CV-S</h2>\r\n\r\n<p><img alt=\"\" src=\"http://vitduct.com.vn/storage/app/public/uploads/images/khop-noi-mem-1.jpg\" style=\"height:389px; width:387px\" />&nbsp;&nbsp;<img alt=\"\" src=\"http://vitduct.com.vn/storage/app/public/uploads/images/khop-noi-mem.jpg\" style=\"height:222px; width:389px\" /></p>\r\n\r\n<p>* Đặc điểm sửdụng:<br />\r\n- Được&nbsp;lắp cho quạt, d&agrave;n lạnh FCU, AHU cổ của gi&oacute; hoặc miệng hộp gi&oacute;.<br />\r\n- Nhằm chống rung cho hệ th6ng đường ống th&ocirc;ng gi&oacute;, giảm thiểu độ ồn trực tiếp từ quạt, m&aacute;y lạnh l&ecirc;n hệ thống ống gi&oacute;.</p>\r\n\r\n<p>* Vật liệu m&agrave;u sắc:<br />\r\n- Được l&agrave;m bằng&nbsp;vải bạt bọc cao su PVC c&oacute; đường may đặc biệt chặt chẽ giữa kim Ioại v&agrave;&nbsp;vải .<br />\r\n- Chiu nhiệt -20&deg;C =&gt; +80&deg;C.</p>\r\n\r\n<p><img alt=\"\" src=\"http://vitduct.com.vn/storage/app/public/uploads/images/khop-noi-mem-1_result.jpg\" style=\"height:391px; width:1000px\" /></p>', 0, 0, 1, 1, 4, 4, 1, '0', '2020-01-09 19:58:30', '2020-01-09 19:58:30'),
(180, 'Hồ sơ năng lực - VITDUCT 2020', 'https://drive.google.com/file/d/1nv9yiGe0_YnHv41DiBKO6Cwbpg09KSh2/view?usp=sharing', '', 0, 0, 11, 0, 23, 4, 1, '0', '2020-02-10 19:32:37', '2020-02-10 19:32:37');

-- --------------------------------------------------------

--
-- Cấu trúc bảng cho bảng `post_tags`
--

CREATE TABLE `post_tags` (
  `id` int(10) UNSIGNED NOT NULL,
  `post_id` int(10) UNSIGNED NOT NULL DEFAULT 0,
  `tag_id` int(10) UNSIGNED NOT NULL DEFAULT 0,
  `created_at` timestamp NOT NULL DEFAULT '0000-00-00 00:00:00',
  `updated_at` timestamp NOT NULL DEFAULT '0000-00-00 00:00:00'
) ENGINE=InnoDB DEFAULT CHARSET=utf8 COLLATE=utf8_unicode_ci;

--
-- Đang đổ dữ liệu cho bảng `post_tags`
--

INSERT INTO `post_tags` (`id`, `post_id`, `tag_id`, `created_at`, `updated_at`) VALUES
(13, 7, 10, '2016-02-15 07:38:11', '2016-02-15 07:38:11'),
(15, 9, 12, '2016-02-15 07:46:33', '2016-02-15 07:46:33'),
(16, 8, 13, '2016-03-16 02:12:12', '2016-03-16 02:12:12'),
(17, 10, 14, '2016-03-16 02:23:05', '2016-03-16 02:23:05'),
(18, 10, 15, '2016-03-16 02:23:05', '2016-03-16 02:23:05'),
(19, 6, 16, '2016-04-03 07:33:20', '2016-04-03 07:33:20'),
(20, 5, 2, '2016-04-09 20:11:51', '2016-04-09 20:11:51'),
(22, 3, 2, '2016-04-09 20:18:13', '2016-04-09 20:18:13'),
(24, 1, 17, '2016-04-09 20:18:26', '2016-04-09 20:18:26'),
(25, 2, 2, '2016-04-09 21:48:13', '2016-04-09 21:48:13'),
(26, 17, 18, '2016-04-11 16:24:44', '2016-04-11 16:24:44'),
(27, 18, 19, '2016-04-11 16:29:25', '2016-04-11 16:29:25'),
(28, 19, 20, '2016-04-11 16:33:47', '2016-04-11 16:33:47'),
(29, 20, 21, '2016-04-11 16:38:40', '2016-04-11 16:38:40'),
(30, 21, 22, '2016-04-11 16:43:41', '2016-04-11 16:43:41'),
(32, 22, 24, '2016-04-11 16:48:35', '2016-04-11 16:48:35'),
(35, 25, 27, '2016-04-11 17:01:32', '2016-04-11 17:01:32'),
(37, 27, 28, '2016-04-11 17:10:11', '2016-04-11 17:10:11'),
(39, 29, 30, '2016-04-11 17:15:24', '2016-04-11 17:15:24'),
(40, 30, 29, '2016-04-11 17:17:54', '2016-04-11 17:17:54'),
(42, 32, 31, '2016-04-11 17:21:41', '2016-04-11 17:21:41'),
(43, 33, 32, '2016-04-11 17:23:11', '2016-04-11 17:23:11'),
(44, 34, 33, '2016-04-11 17:24:39', '2016-04-11 17:24:39'),
(45, 35, 34, '2016-04-11 17:27:58', '2016-04-11 17:27:58'),
(63, 43, 52, '2016-04-13 00:08:20', '2016-04-13 00:08:20'),
(72, 46, 61, '2016-04-13 20:01:00', '2016-04-13 20:01:00'),
(73, 47, 62, '2016-04-13 20:03:35', '2016-04-13 20:03:35'),
(76, 12, 65, '2016-04-13 20:12:40', '2016-04-13 20:12:40'),
(77, 45, 66, '2016-04-13 20:13:48', '2016-04-13 20:13:48'),
(79, 48, 68, '2016-04-13 20:18:54', '2016-04-13 20:18:54'),
(80, 49, 69, '2016-04-13 20:19:18', '2016-04-13 20:19:18'),
(82, 50, 71, '2016-04-13 20:26:29', '2016-04-13 20:26:29'),
(83, 51, 72, '2016-04-13 20:30:36', '2016-04-13 20:30:36'),
(85, 52, 74, '2016-04-13 20:36:59', '2016-04-13 20:36:59'),
(87, 53, 76, '2016-04-13 21:07:15', '2016-04-13 21:07:15'),
(90, 55, 79, '2016-04-13 21:48:48', '2016-04-13 21:48:48'),
(91, 54, 80, '2016-04-13 21:49:02', '2016-04-13 21:49:02'),
(98, 72, 87, '2016-05-24 15:36:23', '2016-05-24 15:36:23'),
(102, 81, 88, '2016-06-13 21:13:05', '2016-06-13 21:13:05'),
(103, 82, 89, '2016-06-13 21:15:50', '2016-06-13 21:15:50'),
(109, 101, 94, '2017-09-06 07:26:52', '2017-09-06 07:26:52'),
(111, 103, 95, '2017-09-06 07:35:41', '2017-09-06 07:35:41'),
(114, 108, 98, '2017-09-06 07:57:49', '2017-09-06 07:57:49'),
(115, 114, 99, '2017-09-13 04:32:18', '2017-09-13 04:32:18');

-- --------------------------------------------------------

--
-- Cấu trúc bảng cho bảng `setting`
--

CREATE TABLE `setting` (
  `id` int(11) NOT NULL,
  `type` varchar(10) COLLATE utf8_unicode_ci NOT NULL,
  `name` varchar(191) COLLATE utf8_unicode_ci DEFAULT NULL,
  `address` varchar(191) COLLATE utf8_unicode_ci DEFAULT NULL,
  `phone` varchar(191) COLLATE utf8_unicode_ci DEFAULT NULL,
  `fax` varchar(50) COLLATE utf8_unicode_ci DEFAULT NULL,
  `email` varchar(191) COLLATE utf8_unicode_ci DEFAULT NULL,
  `alias` varchar(191) COLLATE utf8_unicode_ci DEFAULT NULL,
  `sort` tinyint(4) NOT NULL,
  `status` tinyint(4) NOT NULL,
  `created_at` timestamp NOT NULL DEFAULT current_timestamp() ON UPDATE current_timestamp(),
  `updated_at` timestamp NOT NULL DEFAULT '0000-00-00 00:00:00'
) ENGINE=InnoDB DEFAULT CHARSET=utf8 COLLATE=utf8_unicode_ci;

--
-- Đang đổ dữ liệu cho bảng `setting`
--

INSERT INTO `setting` (`id`, `type`, `name`, `address`, `phone`, `fax`, `email`, `alias`, `sort`, `status`, `created_at`, `updated_at`) VALUES
(5, 'HOTLINE', 'Ngọc Chiến', '', '0979 625 629/ 0983 625 429', NULL, 'contact@vitduct.com.vn', '', 1, 1, '2018-11-20 07:21:26', '2018-11-20 00:21:26'),
(6, 'COMPANY', 'CÔNG TY CỔ PHẦN VITDUCT', 'Số 14-Nghách 30-Ngõ 192- Phố Yên Duyên-Yên Sở-Hoàng Mai - Hà Nội (Văn phòng giao dịch: Số NV43, Khu ĐTM Trung Văn-Đường Tố Hữu-TP.Hà Nội', '(024) 3 645 4199 - Hotline: 0979 625 629', '(024) 3 645 4199', 'contact@vitduct.com.vn', 'COM', 1, 1, '2019-01-04 12:43:15', '2018-11-20 00:28:40'),
(7, 'COMPANY', 'Nhà máy sản xuất', 'Cụm CN Yên Bình, xã Yên Bình, Thạch Thất, Hà Nội', '(024) 3 645 4199 - Hotline: 0979 625 629', '(024) 3 645 4199', 'contact@vitduct.com.vn', 'MAN', 1, 1, '2018-11-20 07:25:51', '2018-11-20 00:25:51');

-- --------------------------------------------------------

--
-- Cấu trúc bảng cho bảng `slide`
--

CREATE TABLE `slide` (
  `id` smallint(5) NOT NULL,
  `image` varchar(191) COLLATE utf8_unicode_ci NOT NULL,
  `description` varchar(191) COLLATE utf8_unicode_ci DEFAULT NULL,
  `alias` varchar(191) COLLATE utf8_unicode_ci DEFAULT NULL,
  `created_at` timestamp NOT NULL DEFAULT current_timestamp() ON UPDATE current_timestamp(),
  `updated_at` timestamp NOT NULL DEFAULT '0000-00-00 00:00:00'
) ENGINE=InnoDB DEFAULT CHARSET=utf8 COLLATE=utf8_unicode_ci;

--
-- Đang đổ dữ liệu cho bảng `slide`
--

INSERT INTO `slide` (`id`, `image`, `description`, `alias`, `created_at`, `updated_at`) VALUES
(8, 'storage/app/public/uploads/product/HORC6XQBJN.jpg', '', '', '2019-03-10 19:57:59', '2019-03-10 19:57:59'),
(9, 'storage/app/public/uploads/product/gz6Yr6dMP3.jpg', '', '', '2019-03-10 19:59:36', '2019-03-10 19:59:36'),
(11, 'storage/app/public/uploads/product/V7R7kXBnjq.jpg', '', '', '2019-09-25 21:34:22', '2019-09-25 21:34:22'),
(12, 'storage/app/public/uploads/product/DTd0E99BaE.jpg', '', '', '2020-01-07 22:02:33', '2020-01-07 22:02:33'),
(14, 'storage/app/public/uploads/product/wxWdqI7rNN.jpg', '', '', '2020-01-07 22:06:26', '2020-01-07 22:06:26'),
(15, 'storage/app/public/uploads/product/NbG1LLjbAt.jpg', '', '', '2020-02-12 00:17:52', '2020-02-12 00:17:52');

-- --------------------------------------------------------

--
-- Cấu trúc bảng cho bảng `tags`
--

CREATE TABLE `tags` (
  `id` int(10) UNSIGNED NOT NULL,
  `tag` varchar(100) COLLATE utf8_unicode_ci NOT NULL,
  `alias` varchar(100) COLLATE utf8_unicode_ci NOT NULL,
  `created_at` timestamp NOT NULL DEFAULT '0000-00-00 00:00:00',
  `updated_at` timestamp NOT NULL DEFAULT '0000-00-00 00:00:00'
) ENGINE=InnoDB DEFAULT CHARSET=utf8 COLLATE=utf8_unicode_ci;

--
-- Đang đổ dữ liệu cho bảng `tags`
--

INSERT INTO `tags` (`id`, `tag`, `alias`, `created_at`, `updated_at`) VALUES
(2, 'ống gió', 'ong-gio', '2016-02-15 07:08:08', '2016-02-15 07:08:08'),
(10, 'bất động sản', 'bat-dong-san', '2016-02-15 07:38:11', '2016-02-15 07:38:11'),
(12, 'facebook', 'facebook', '2016-02-15 07:46:33', '2016-02-15 07:46:33'),
(13, 'apple', 'apple', '2016-03-16 02:12:12', '2016-03-16 02:12:12'),
(14, 'giá thép', 'gia-thep', '2016-03-16 02:23:05', '2016-03-16 02:23:05'),
(15, 'đầu cơ', 'dau-co', '2016-03-16 02:23:05', '2016-03-16 02:23:05'),
(16, 'dự án', 'du-an', '2016-04-03 07:33:19', '2016-04-03 07:33:19'),
(17, 'cửa gió', 'cua-gio', '2016-04-09 20:18:26', '2016-04-09 20:18:26'),
(18, 'dự án golden palace', 'du-an-golden-palace', '2016-04-11 16:24:44', '2016-04-11 16:24:44'),
(19, 'dự án golden palace c3 lê văn lương', 'du-an-golden-palace-c3-le-van-luong', '2016-04-11 16:29:25', '2016-04-11 16:29:25'),
(20, 'nhà máy lọc hóa dầu nghi sơn', 'nha-may-loc-hoa-dau-nghi-son', '2016-04-11 16:33:47', '2016-04-11 16:33:47'),
(21, 'dự án times city', 'du-an-times-city', '2016-04-11 16:38:40', '2016-04-11 16:38:40'),
(22, 'trụ sở công ty 319 - 63 lê văn lương', 'tru-so-cong-ty-319---63-le-van-luong', '2016-04-11 16:43:41', '2016-04-11 16:43:41'),
(24, 'dự án thăng long number 1', 'du-an-thang-long-number-1', '2016-04-11 16:48:35', '2016-04-11 16:48:35'),
(25, 'ống đồng', 'ong-dong', '2016-04-11 16:51:32', '2016-04-11 16:51:32'),
(26, 'phụ kiện ống đồng', 'phu-kien-ong-dong', '2016-04-11 16:52:50', '2016-04-11 16:52:50'),
(27, 'ống gió mềm các loại', 'ong-gio-mem-cac-loai', '2016-04-11 17:01:32', '2016-04-11 17:01:32'),
(28, 'cửa gió hồi 2 khung có bản lề', 'cua-gio-hoi-2-khung-co-ban-le', '2016-04-11 17:06:53', '2016-04-11 17:06:53'),
(29, 'cửa gió nan z', 'cua-gio-nan-z', '2016-04-11 17:13:06', '2016-04-11 17:13:06'),
(30, 'cửa gió dạng slot', 'cua-gio-dang-slot', '2016-04-11 17:15:24', '2016-04-11 17:15:24'),
(31, 'cửa gió nan thẳng', 'cua-gio-nan-thang', '2016-04-11 17:20:43', '2016-04-11 17:20:43'),
(32, 'cửa gió kiểu nan lưới', 'cua-gio-kieu-nan-luoi', '2016-04-11 17:23:11', '2016-04-11 17:23:11'),
(33, 'cửa gió kiểu hộp', 'cua-gio-kieu-hop', '2016-04-11 17:24:39', '2016-04-11 17:24:39'),
(34, 'cửa gió tròn', 'cua-gio-tron', '2016-04-11 17:27:58', '2016-04-11 17:27:58'),
(42, 'model ct1:50s - giá: 138', 'model-ct1:50s---gia:-138', '2016-04-11 21:48:53', '2016-04-11 21:48:53'),
(43, '800 đ', '800-d', '2016-04-11 21:48:53', '2016-04-11 21:48:53'),
(52, 'hinh anh thi công', 'hinh-anh-thi-cong', '2016-04-13 00:08:20', '2016-04-13 00:08:20'),
(53, 'model dscs1', 'model-dscs1', '2016-04-13 00:46:05', '2016-04-13 00:46:05'),
(56, 'model ct1', 'model-ct1', '2016-04-13 02:33:22', '2016-04-13 02:33:22'),
(61, 'van dập lửa tròn (fd)', 'van-dap-lua-tron-+fd+', '2016-04-13 20:01:00', '2016-04-13 20:01:00'),
(62, 'van dập lửa vuông (fd)', 'van-dap-lua-vuong-+fd+', '2016-04-13 20:03:35', '2016-04-13 20:03:35'),
(65, 'van điều chỉnh lưu lượng tròn (vd)', 'van-dieu-chinh-luu-luong-tron-+vd+', '2016-04-13 20:12:40', '2016-04-13 20:12:40'),
(66, 'van điều chỉnh lưu lượng vuông (vd)', 'van-dieu-chinh-luu-luong-vuong-+vd+', '2016-04-13 20:13:48', '2016-04-13 20:13:48'),
(68, 'van đóng mở bằng điện (md)', 'van-dong-mo-bang-dien-+md+', '2016-04-13 20:18:54', '2016-04-13 20:18:54'),
(69, 'động cơ van gió', 'dong-co-van-gio', '2016-04-13 20:19:18', '2016-04-13 20:19:18'),
(71, 'van một chiều (rvd)', 'van-mot-chieu-+rvd+', '2016-04-13 20:26:29', '2016-04-13 20:26:29'),
(72, 'van lắp trên cửa gió (van đen)', 'van-lap-tren-cua-gio-+van-den+', '2016-04-13 20:30:36', '2016-04-13 20:30:36'),
(74, 'ống gió tiêu âm', 'ong-gio-tieu-am', '2016-04-13 20:36:59', '2016-04-13 20:36:59'),
(76, 'phụ kiện ống tiêu âm', 'phu-kien-ong-tieu-am', '2016-04-13 21:07:15', '2016-04-13 21:07:15'),
(79, 'bông thủy tinh dạng cuộn', 'bong-thuy-tinh-dang-cuon', '2016-04-13 21:48:48', '2016-04-13 21:48:48'),
(80, 'bông khoáng dịnh hình', 'bong-khoang-dinh-hinh', '2016-04-13 21:49:02', '2016-04-13 21:49:02'),
(82, 'quạt gió gắn tường và gắn trần', 'quat-gio-gan-tuong-va-gan-tran', '2016-04-13 21:53:09', '2016-04-13 21:53:09'),
(83, 'bảng giá lò xo chống rung', 'bang-gia-lo-xo-chong-rung', '2016-04-13 21:58:06', '2016-04-13 21:58:06'),
(84, 'giảm chấn', 'giam-chan', '2016-04-13 21:58:06', '2016-04-13 21:58:06'),
(85, 'bảo ôn đống đồng và nước ngưng', 'bao-on-dong-dong-va-nuoc-ngung', '2016-04-20 22:46:59', '2016-04-20 22:46:59'),
(86, 'cổ bạt nối mềm', 'co-bat-noi-mem', '2016-04-20 22:51:48', '2016-04-20 22:51:48'),
(87, 'dự án hateco hoàng mai', 'du-an-hateco-hoang-mai', '2016-05-24 15:36:23', '2016-05-24 15:36:23'),
(88, 'dây chuyển sản xuất ống gió tự động thế hệ 5 (auto line 5)', 'day-chuyen-san-xuat-ong-gio-tu-dong-the-he-5-+auto-line-5+', '2016-06-13 20:56:10', '2016-06-13 20:56:10'),
(89, 'máy cắt plasma cnc (cnc plasma cutting machine )', 'may-cat-plasma-cnc-+cnc-plasma-cutting-machine-+', '2016-06-13 21:02:29', '2016-06-13 21:02:29'),
(90, 'cầu nhiệt dùng cho van dập lửa', 'cau-nhiet-dung-cho-van-dap-lua', '2016-08-26 22:38:58', '2016-08-26 22:38:58'),
(91, 'cầu nhiệt dùng cho van chặn lửa', 'cau-nhiet-dung-cho-van-chan-lua', '2016-08-26 22:40:54', '2016-08-26 22:40:54'),
(92, 'model ct1- loại treo trần', 'model-ct1--loai-treo-tran', '2016-11-18 03:10:33', '2016-11-18 03:10:33'),
(93, 'model dsm1- loại treo trần', 'model-dsm1--loai-treo-tran', '2016-12-02 02:27:41', '2016-12-02 02:27:41'),
(94, 'van xả áp loại cơ', 'van-xa-ap-loai-co', '2017-09-06 07:26:52', '2017-09-06 07:26:52'),
(95, 'ống gió vuông', 'ong-gio-vuong', '2017-09-06 07:34:15', '2017-09-06 07:34:15'),
(96, 'tiêu âm', 'tieu-am', '2017-09-06 07:49:36', '2017-09-06 07:49:36'),
(97, 'tiêu âm tròn (xốp chứng)', 'tieu-am-tron-+xop-chung+', '2017-09-06 07:54:45', '2017-09-06 07:54:45'),
(98, 'lắp đặt quạt gió và hộp tiêu âm quạt', 'lap-dat-quat-gio-va-hop-tieu-am-quat', '2017-09-06 07:57:49', '2017-09-06 07:57:49'),
(99, 'vent cap - chụp thông hơi', 'vent-cap---chup-thong-hoi', '2017-09-13 04:32:18', '2017-09-13 04:32:18');

-- --------------------------------------------------------

--
-- Cấu trúc bảng cho bảng `users`
--

CREATE TABLE `users` (
  `id` int(10) UNSIGNED NOT NULL,
  `name` varchar(255) COLLATE utf8mb4_unicode_ci NOT NULL,
  `email` varchar(255) COLLATE utf8mb4_unicode_ci NOT NULL,
  `email_verified_at` timestamp NULL DEFAULT NULL,
  `password` varchar(255) COLLATE utf8mb4_unicode_ci NOT NULL,
  `remember_token` varchar(100) COLLATE utf8mb4_unicode_ci DEFAULT NULL,
  `created_at` timestamp NULL DEFAULT NULL,
  `updated_at` timestamp NULL DEFAULT NULL
) ENGINE=InnoDB DEFAULT CHARSET=utf8mb4 COLLATE=utf8mb4_unicode_ci;

--
-- Đang đổ dữ liệu cho bảng `users`
--

INSERT INTO `users` (`id`, `name`, `email`, `email_verified_at`, `password`, `remember_token`, `created_at`, `updated_at`) VALUES
(1, 'Binh Minh', 'minhnb.it@gmail.com', NULL, '$2y$10$G47Ai.DIBpfTV1a5uYAOguThDCcPRT/t/lXZ8ENE.RmcgLZVjs/0i', 'NHqFKeG6Qu9mFqvnEYDlz9RAzhbapQPmHD1zWb2h0y0wh3eg2SEvl03vJJIY', '2018-10-30 07:03:41', '2018-10-30 07:03:41'),
(2, 'Hoàng Ngọc Chiến', 'chienhn@vitduct.com.vn', NULL, '$2y$10$G47Ai.DIBpfTV1a5uYAOguThDCcPRT/t/lXZ8ENE.RmcgLZVjs/0i', 'aH1517zGZVBfiUz1075LSTkny1QPFoMW8fuJn456fIrXT2KKGXtiQh8sOPfy', '2018-10-30 07:26:17', '2018-10-30 07:26:17'),
(3, 'Vitduct.com.vn', 'contact@vitduct.com.vn', NULL, '$2y$10$k3TDFY8lGpAboAHeKAFY1eUJFMARfVeaNC5ahp8GYitPvNwShuxKC', 'Qyrgx46LrPlKVF96742m3Rijsd8SFvUWa0HI5WLutBPQRiNHfpioAw6PweV1', '2018-10-30 07:26:40', '2018-10-30 07:26:40'),
(4, 'Đào Nguyên', 'daonguyen3003@gmail.com', NULL, '$2y$10$G47Ai.DIBpfTV1a5uYAOguThDCcPRT/t/lXZ8ENE.RmcgLZVjs/0i', '2hLqb0ngFTN4Ivh6uuWLwZiU1gpCnzCOvcaW7opOe90TD9Q9dc9vQMacjQo5', '2019-01-16 01:16:46', '2019-01-16 01:16:46');

--
-- Chỉ mục cho các bảng đã đổ
--

--
-- Chỉ mục cho bảng `categories`
--
ALTER TABLE `categories`
  ADD PRIMARY KEY (`id`),
  ADD KEY `categories_userid_foreign` (`userID`);

--
-- Chỉ mục cho bảng `images`
--
ALTER TABLE `images`
  ADD PRIMARY KEY (`id`);

--
-- Chỉ mục cho bảng `migrations`
--
ALTER TABLE `migrations`
  ADD PRIMARY KEY (`id`);

--
-- Chỉ mục cho bảng `posts`
--
ALTER TABLE `posts`
  ADD PRIMARY KEY (`id`),
  ADD KEY `posts_userid_foreign` (`userID`),
  ADD KEY `posts_categorieid_foreign` (`categorieID`);

--
-- Chỉ mục cho bảng `post_tags`
--
ALTER TABLE `post_tags`
  ADD PRIMARY KEY (`id`),
  ADD KEY `post_tags_post_id_foreign` (`post_id`),
  ADD KEY `post_tags_tag_id_foreign` (`tag_id`);

--
-- Chỉ mục cho bảng `setting`
--
ALTER TABLE `setting`
  ADD PRIMARY KEY (`id`);

--
-- Chỉ mục cho bảng `slide`
--
ALTER TABLE `slide`
  ADD PRIMARY KEY (`id`);

--
-- Chỉ mục cho bảng `tags`
--
ALTER TABLE `tags`
  ADD PRIMARY KEY (`id`);

--
-- Chỉ mục cho bảng `users`
--
ALTER TABLE `users`
  ADD PRIMARY KEY (`id`);

--
-- AUTO_INCREMENT cho các bảng đã đổ
--

--
-- AUTO_INCREMENT cho bảng `categories`
--
ALTER TABLE `categories`
  MODIFY `id` int(10) UNSIGNED NOT NULL AUTO_INCREMENT, AUTO_INCREMENT=27;

--
-- AUTO_INCREMENT cho bảng `images`
--
ALTER TABLE `images`
  MODIFY `id` int(11) NOT NULL AUTO_INCREMENT, AUTO_INCREMENT=18;

--
-- AUTO_INCREMENT cho bảng `migrations`
--
ALTER TABLE `migrations`
  MODIFY `id` int(10) UNSIGNED NOT NULL AUTO_INCREMENT;

--
-- AUTO_INCREMENT cho bảng `posts`
--
ALTER TABLE `posts`
  MODIFY `id` int(10) UNSIGNED NOT NULL AUTO_INCREMENT, AUTO_INCREMENT=181;

--
-- AUTO_INCREMENT cho bảng `post_tags`
--
ALTER TABLE `post_tags`
  MODIFY `id` int(10) UNSIGNED NOT NULL AUTO_INCREMENT, AUTO_INCREMENT=116;

--
-- AUTO_INCREMENT cho bảng `setting`
--
ALTER TABLE `setting`
  MODIFY `id` int(11) NOT NULL AUTO_INCREMENT, AUTO_INCREMENT=8;

--
-- AUTO_INCREMENT cho bảng `slide`
--
ALTER TABLE `slide`
  MODIFY `id` smallint(5) NOT NULL AUTO_INCREMENT, AUTO_INCREMENT=16;

--
-- AUTO_INCREMENT cho bảng `tags`
--
ALTER TABLE `tags`
  MODIFY `id` int(10) UNSIGNED NOT NULL AUTO_INCREMENT, AUTO_INCREMENT=100;

--
-- AUTO_INCREMENT cho bảng `users`
--
ALTER TABLE `users`
  MODIFY `id` int(10) UNSIGNED NOT NULL AUTO_INCREMENT, AUTO_INCREMENT=5;

--
-- Các ràng buộc cho các bảng đã đổ
--

--
-- Các ràng buộc cho bảng `posts`
--
ALTER TABLE `posts`
  ADD CONSTRAINT `posts_categorieid_foreign` FOREIGN KEY (`categorieID`) REFERENCES `categories` (`id`) ON DELETE CASCADE,
  ADD CONSTRAINT `posts_userid_foreign` FOREIGN KEY (`userID`) REFERENCES `users` (`id`) ON DELETE CASCADE;
COMMIT;

/*!40101 SET CHARACTER_SET_CLIENT=@OLD_CHARACTER_SET_CLIENT */;
/*!40101 SET CHARACTER_SET_RESULTS=@OLD_CHARACTER_SET_RESULTS */;
/*!40101 SET COLLATION_CONNECTION=@OLD_COLLATION_CONNECTION */;
